,#,Attack,Defense,Generation,HP,Legendary,Name,Sp. Atk,Sp. Def,Speed,Total Stats,Type 1,Type 2,Unnamed: 0
0,2.0,98.0,98.0,2.0,90.0,0,BulbasaurBulbasaur,130.0,130.0,90.0,644.0,GrassGrass,PoisonPoison,
1,4.0,124.0,126.0,2.0,120.0,0,IvysaurIvysaur,160.0,160.0,120.0,814.0,GrassGrass,PoisonPoison,
2,6.0,164.0,166.0,2.0,160.0,0,VenusaurVenusaur,200.0,200.0,160.0,1054.0,GrassGrass,PoisonPoison,
3,7.0,152.0,166.0,2.0,119.0,0,VenusaurMega VenusaurCharmander,182.0,170.0,145.0,941.0,GrassFire,,
4,9.0,116.0,101.0,2.0,97.0,0,CharmanderCharmeleon,140.0,115.0,145.0,685.0,FireFire,,
5,11.0,148.0,136.0,2.0,136.0,0,CharmeleonCharizard,189.0,150.0,180.0,907.0,FireFire,,
6,13.0,132.0,143.0,2.0,122.0,0,CharizardSquirtle,159.0,149.0,143.0,837.0,FireWater,,
7,14.0,193.0,191.0,2.0,137.0,0,CharizardMega Charizard XWartortle,195.0,165.0,158.0,1074.0,FireWater,,
8,15.0,187.0,178.0,2.0,157.0,0,CharizardMega Charizard YBlastoise,244.0,220.0,178.0,1173.0,FireWater,,
9,17.0,78.0,100.0,2.0,89.0,0,SquirtleCaterpie,70.0,84.0,88.0,499.0,WaterBug,,
10,19.0,83.0,135.0,2.0,109.0,0,WartortleMetapod,90.0,105.0,88.0,605.0,WaterBug,,
11,21.0,128.0,150.0,2.0,139.0,0,BlastoiseButterfree,175.0,185.0,148.0,905.0,WaterBug,,
12,22.0,138.0,150.0,2.0,119.0,0,BlastoiseMega BlastoiseWeedle,155.0,135.0,128.0,835.0,WaterBug,,
13,24.0,55.0,85.0,2.0,90.0,0,CaterpieKakuna,45.0,45.0,80.0,375.0,BugBug,,
14,26.0,110.0,95.0,2.0,115.0,0,MetapodBeedrill,70.0,105.0,105.0,605.0,BugBug,,
15,28.0,90.0,90.0,2.0,100.0,0,ButterfreePidgey,125.0,115.0,126.0,610.0,BugNormal,FlyingFlying,
16,30.0,95.0,85.0,2.0,103.0,0,WeedlePidgeotto,70.0,70.0,121.0,518.0,BugNormal,PoisonFlying,
17,32.0,105.0,125.0,2.0,128.0,0,KakunaPidgeot,95.0,95.0,136.0,653.0,BugNormal,PoisonFlying,
18,34.0,146.0,75.0,2.0,95.0,0,BeedrillRattata,70.0,115.0,147.0,647.0,BugNormal,,
19,35.0,231.0,100.0,2.0,120.0,0,BeedrillMega BeedrillRaticate,65.0,150.0,242.0,897.0,BugNormal,,
20,37.0,105.0,70.0,2.0,80.0,0,PidgeySpearow,66.0,66.0,126.0,492.0,NormalNormal,FlyingFlying,
21,39.0,150.0,120.0,2.0,128.0,0,PidgeottoFearow,111.0,111.0,171.0,770.0,NormalNormal,FlyingFlying,
22,41.0,140.0,119.0,2.0,118.0,0,PidgeotEkans,110.0,124.0,156.0,751.0,NormalPoison,,
23,42.0,165.0,149.0,2.0,143.0,0,PidgeotMega PidgeotArbok,200.0,159.0,201.0,981.0,NormalPoison,,
24,44.0,111.0,75.0,2.0,65.0,0,RattataPikachu,75.0,85.0,162.0,522.0,NormalElectric,,
25,46.0,171.0,115.0,2.0,115.0,0,RaticateRaichu,140.0,150.0,207.0,862.0,NormalElectric,,
26,48.0,135.0,115.0,2.0,90.0,0,SpearowSandshrew,51.0,61.0,110.0,587.0,NormalGround,,
27,50.0,190.0,175.0,2.0,140.0,0,FearowSandslash,106.0,116.0,165.0,917.0,NormalGround,,
28,52.0,107.0,96.0,2.0,90.0,0,EkansNidoran (Female),80.0,94.0,96.0,574.0,PoisonPoison,,
29,54.0,147.0,136.0,2.0,130.0,0,ArbokNidorina,120.0,134.0,136.0,814.0,PoisonPoison,,
30,56.0,147.0,127.0,2.0,125.0,0,PikachuNidoqueen,125.0,135.0,166.0,806.0,ElectricPoison,,
31,58.0,147.0,95.0,2.0,106.0,0,RaichuNidoran (Male),130.0,120.0,160.0,745.0,ElectricPoison,,
32,60.0,147.0,142.0,2.0,111.0,0,SandshrewNidorino,75.0,85.0,105.0,707.0,GroundPoison,,
33,62.0,202.0,187.0,2.0,156.0,0,SandslashNidoking,130.0,130.0,150.0,1007.0,GroundPoison,,
34,64.0,92.0,100.0,2.0,125.0,0,Nidoran (Female)Clefairy,100.0,105.0,76.0,614.0,PoisonFairy,,
35,66.0,132.0,140.0,2.0,165.0,0,NidorinaClefable,150.0,145.0,116.0,864.0,PoisonFairy,,
36,68.0,133.0,127.0,2.0,128.0,0,NidoqueenVulpix,125.0,150.0,141.0,796.0,PoisonFire,,
37,70.0,133.0,115.0,2.0,119.0,0,Nidoran (Male)Ninetales,121.0,140.0,150.0,761.0,PoisonFire,,
38,72.0,117.0,77.0,2.0,176.0,0,NidorinoJigglypuff,100.0,80.0,85.0,667.0,PoisonNormal,,
39,74.0,172.0,122.0,2.0,221.0,0,NidokingWigglytuff,170.0,125.0,130.0,982.0,PoisonNormal,GroundFairy,
40,76.0,90.0,83.0,2.0,110.0,0,ClefairyZubat,90.0,105.0,90.0,568.0,FairyPoison,,
41,78.0,150.0,143.0,2.0,170.0,0,ClefableGolbat,160.0,165.0,150.0,938.0,FairyPoison,,
42,80.0,91.0,95.0,2.0,83.0,0,VulpixOddish,125.0,130.0,95.0,615.0,FireGrass,,
43,82.0,141.0,145.0,2.0,133.0,0,NinetalesGloom,166.0,175.0,140.0,901.0,FireGrass,,
44,84.0,125.0,105.0,2.0,190.0,0,JigglypuffVileplume,155.0,115.0,70.0,815.0,NormalGrass,FairyPoison,
45,86.0,140.0,100.0,2.0,175.0,0,WigglytuffParas,130.0,105.0,70.0,790.0,NormalBug,FairyGrass,
46,88.0,140.0,115.0,2.0,100.0,0,ZubatParasect,90.0,120.0,85.0,705.0,PoisonBug,FlyingGrass,
47,90.0,135.0,120.0,2.0,135.0,0,GolbatVenonat,105.0,130.0,135.0,760.0,PoisonBug,FlyingPoison,
48,92.0,115.0,115.0,2.0,115.0,0,OddishVenomoth,165.0,140.0,120.0,765.0,GrassBug,PoisonPoison,
49,94.0,120.0,95.0,2.0,70.0,0,GloomDiglett,120.0,120.0,135.0,645.0,GrassGround,,
50,96.0,160.0,135.0,2.0,110.0,0,VileplumeDugtrio,160.0,160.0,170.0,885.0,GrassGround,,
51,98.0,115.0,90.0,2.0,75.0,0,ParasMeowth,85.0,95.0,115.0,575.0,BugNormal,,
52,100.0,165.0,140.0,2.0,125.0,0,ParasectPersian,125.0,145.0,145.0,865.0,BugNormal,,
53,102.0,107.0,98.0,2.0,110.0,0,VenonatPsyduck,105.0,105.0,100.0,632.0,BugWater,,
54,104.0,147.0,138.0,2.0,150.0,0,VenomothGolduck,185.0,155.0,175.0,922.0,BugWater,,
55,106.0,135.0,60.0,2.0,50.0,0,DiglettMankey,70.0,90.0,165.0,540.0,GroundFighting,,
56,108.0,185.0,110.0,2.0,100.0,0,DugtrioPrimeape,110.0,140.0,215.0,830.0,GroundFighting,,
57,110.0,115.0,80.0,2.0,95.0,0,MeowthGrowlithe,110.0,90.0,150.0,605.0,NormalFire,,
58,112.0,180.0,140.0,2.0,155.0,0,PersianArcanine,165.0,145.0,210.0,965.0,NormalFire,,
59,114.0,102.0,88.0,2.0,90.0,0,PsyduckPoliwag,105.0,90.0,145.0,577.0,WaterWater,,
60,116.0,147.0,143.0,2.0,145.0,0,GolduckPoliwhirl,145.0,130.0,175.0,857.0,WaterWater,,
61,118.0,175.0,130.0,2.0,130.0,0,MankeyPoliwrath,105.0,135.0,140.0,850.0,FightingWater,,
62,120.0,125.0,75.0,2.0,90.0,0,PrimeapeAbra,165.0,125.0,185.0,705.0,FightingPsychic,,
63,122.0,105.0,75.0,2.0,95.0,0,GrowlitheKadabra,190.0,120.0,165.0,690.0,FirePsychic,,
64,124.0,160.0,125.0,2.0,145.0,0,ArcanineAlakazam,235.0,175.0,215.0,1000.0,FirePsychic,,
65,126.0,130.0,90.0,2.0,110.0,0,PoliwagMachop,75.0,75.0,125.0,610.0,WaterFighting,,
66,128.0,165.0,135.0,2.0,145.0,0,PoliwhirlMachoke,100.0,110.0,135.0,820.0,WaterFighting,,
67,130.0,225.0,175.0,2.0,180.0,0,PoliwrathMachamp,135.0,175.0,125.0,1115.0,WaterFighting,,
68,132.0,95.0,50.0,2.0,75.0,0,AbraBellsprout,175.0,85.0,130.0,575.0,PsychicGrass,,
69,134.0,125.0,80.0,2.0,105.0,0,KadabraWeepinbell,205.0,115.0,160.0,755.0,PsychicGrass,,
70,136.0,155.0,110.0,2.0,135.0,0,AlakazamVictreebel,235.0,165.0,190.0,955.0,PsychicGrass,,
71,137.0,90.0,100.0,2.0,95.0,0,AlakazamMega AlakazamTentacool,225.0,195.0,220.0,795.0,PsychicWater,,
72,139.0,150.0,115.0,2.0,150.0,0,MachopTentacruel,115.0,155.0,135.0,835.0,FightingWater,,
73,141.0,180.0,170.0,2.0,120.0,0,MachokeGeodude,80.0,90.0,65.0,820.0,FightingRock,,
74,143.0,225.0,195.0,2.0,145.0,0,MachampGraveler,110.0,130.0,90.0,1030.0,FightingRock,,
75,145.0,195.0,165.0,2.0,130.0,0,BellsproutGolem,125.0,95.0,85.0,905.0,GrassRock,PoisonGround,
76,147.0,175.0,105.0,2.0,115.0,0,WeepinbellPonyta,150.0,110.0,145.0,830.0,GrassFire,,
77,149.0,205.0,135.0,2.0,145.0,0,VictreebelRapidash,180.0,150.0,175.0,1020.0,GrassFire,,
78,151.0,105.0,100.0,2.0,130.0,0,TentacoolSlowpoke,90.0,140.0,85.0,670.0,WaterWater,PoisonPsychic,
79,153.0,145.0,175.0,2.0,175.0,0,TentacruelSlowbro,180.0,200.0,130.0,1020.0,WaterWater,PoisonPsychic,
80,155.0,115.0,170.0,2.0,65.0,0,GeodudeMagnemite,125.0,85.0,65.0,675.0,RockElectric,GroundSteel,
81,157.0,155.0,210.0,2.0,105.0,0,GravelerMagneton,165.0,115.0,105.0,905.0,RockElectric,GroundSteel,
82,159.0,185.0,185.0,2.0,132.0,0,GolemFarfetch'd,113.0,127.0,105.0,927.0,RockNormal,GroundFlying,
83,161.0,170.0,100.0,2.0,85.0,0,PonytaDoduo,100.0,100.0,165.0,725.0,FireNormal,,
84,163.0,210.0,140.0,2.0,125.0,0,RapidashDodrio,140.0,140.0,205.0,965.0,FireNormal,,
85,165.0,110.0,120.0,2.0,155.0,0,SlowpokeSeel,85.0,110.0,60.0,690.0,WaterWater,,
86,167.0,145.0,190.0,2.0,185.0,0,SlowbroDewgong,170.0,175.0,100.0,1010.0,WaterWater,PsychicIce,
87,168.0,155.0,230.0,2.0,175.0,0,SlowbroMega SlowbroGrimer,170.0,130.0,55.0,1015.0,WaterPoison,,
88,170.0,140.0,145.0,2.0,130.0,0,MagnemiteMuk,160.0,155.0,95.0,870.0,ElectricPoison,,
89,172.0,125.0,195.0,2.0,80.0,0,MagnetonShellder,165.0,95.0,110.0,785.0,ElectricWater,,
90,174.0,160.0,235.0,2.0,102.0,0,Farfetch'dCloyster,143.0,107.0,130.0,907.0,NormalWater,FlyingIce,
91,176.0,120.0,75.0,2.0,65.0,0,DoduoGastly,135.0,70.0,155.0,585.0,NormalGhost,FlyingPoison,
92,178.0,160.0,115.0,2.0,105.0,0,DodrioHaunter,175.0,115.0,195.0,830.0,NormalGhost,FlyingPoison,
93,180.0,110.0,115.0,2.0,125.0,0,SeelGengar,175.0,145.0,155.0,780.0,WaterGhost,,
94,182.0,115.0,240.0,2.0,125.0,0,DewgongOnix,100.0,140.0,140.0,835.0,WaterRock,IceGround,
95,184.0,128.0,95.0,2.0,140.0,0,GrimerDrowzee,83.0,140.0,67.0,714.0,PoisonPsychic,,
96,186.0,178.0,145.0,2.0,190.0,0,MukHypno,138.0,215.0,117.0,1044.0,PoisonPsychic,,
97,188.0,170.0,190.0,2.0,60.0,0,ShellderKrabby,70.0,50.0,90.0,710.0,WaterWater,,
98,190.0,225.0,295.0,2.0,105.0,0,CloysterKingler,135.0,95.0,145.0,1080.0,WaterWater,,
99,192.0,65.0,80.0,2.0,70.0,0,GastlyVoltorb,155.0,90.0,180.0,525.0,GhostElectric,,
100,194.0,100.0,115.0,2.0,105.0,0,HaunterElectrode,195.0,135.0,235.0,750.0,GhostElectric,,
101,196.0,105.0,140.0,2.0,120.0,0,GengarExeggcute,190.0,120.0,150.0,780.0,GhostGrass,PoisonPsychic,
102,197.0,160.0,165.0,2.0,155.0,0,GengarMega GengarExeggutor,295.0,160.0,185.0,1095.0,GhostGrass,PoisonPsychic,
103,199.0,95.0,255.0,2.0,85.0,0,OnixCubone,70.0,95.0,105.0,695.0,RockGround,,
104,201.0,128.0,155.0,2.0,120.0,0,DrowzeeMarowak,93.0,170.0,87.0,794.0,PsychicGround,,
105,203.0,193.0,123.0,2.0,135.0,0,HypnoHitmonlee,108.0,225.0,154.0,977.0,PsychicFighting,,
106,205.0,210.0,169.0,2.0,80.0,0,KrabbyHitmonchan,60.0,135.0,126.0,864.0,WaterFighting,,
107,207.0,185.0,190.0,2.0,145.0,0,KinglerLickitung,110.0,125.0,105.0,940.0,WaterNormal,,
108,209.0,95.0,145.0,2.0,80.0,0,VoltorbKoffing,115.0,100.0,135.0,630.0,ElectricPoison,,
109,211.0,140.0,190.0,2.0,125.0,0,ElectrodeWeezing,165.0,150.0,200.0,910.0,ElectricPoison,,
110,213.0,125.0,175.0,2.0,140.0,0,ExeggcuteRhyhorn,90.0,75.0,65.0,730.0,GrassGround,PsychicRock,
111,215.0,225.0,205.0,2.0,200.0,0,ExeggutorRhydon,170.0,110.0,95.0,1135.0,GrassGround,PsychicRock,
112,217.0,55.0,100.0,2.0,300.0,0,CuboneChansey,75.0,155.0,85.0,740.0,GroundNormal,,
113,219.0,135.0,225.0,2.0,125.0,0,MarowakTangela,150.0,120.0,105.0,890.0,GroundGrass,,
114,221.0,215.0,133.0,2.0,155.0,0,HitmonleeKangaskhan,75.0,190.0,177.0,983.0,FightingNormal,,
115,223.0,145.0,149.0,2.0,80.0,0,HitmonchanHorsea,105.0,135.0,136.0,759.0,FightingWater,,
116,225.0,120.0,170.0,2.0,145.0,0,LickitungSeadra,155.0,120.0,115.0,830.0,NormalWater,,
117,227.0,132.0,155.0,2.0,85.0,0,KoffingGoldeen,95.0,95.0,98.0,694.0,PoisonWater,,
118,229.0,182.0,185.0,2.0,145.0,0,WeezingSeaking,150.0,150.0,128.0,994.0,PoisonWater,,
119,231.0,130.0,150.0,2.0,110.0,0,RhyhornStaryu,100.0,85.0,110.0,705.0,GroundWater,,
120,233.0,205.0,205.0,2.0,165.0,0,RhydonStarmie,145.0,130.0,155.0,1055.0,GroundWater,RockPsychic,
121,235.0,50.0,70.0,2.0,290.0,0,ChanseyMr. Mime,135.0,225.0,140.0,820.0,NormalPsychic,,
122,237.0,165.0,195.0,2.0,135.0,0,TangelaScyther,155.0,120.0,165.0,935.0,GrassBug,,
123,239.0,145.0,115.0,2.0,170.0,0,KangaskhanJynx,155.0,175.0,185.0,905.0,NormalIce,,
124,240.0,208.0,157.0,2.0,170.0,0,KangaskhanMega KangaskhanElectabuzz,155.0,185.0,205.0,1083.0,NormalElectric,,
125,242.0,135.0,127.0,2.0,95.0,0,HorseaMagmar,170.0,110.0,153.0,772.0,WaterFire,,
126,244.0,190.0,195.0,2.0,120.0,0,SeadraPinsir,150.0,115.0,170.0,960.0,WaterBug,,
127,246.0,167.0,155.0,2.0,120.0,0,GoldeenTauros,75.0,120.0,173.0,804.0,WaterNormal,,
128,248.0,102.0,120.0,2.0,100.0,0,SeakingMagikarp,80.0,100.0,148.0,604.0,WaterWater,,
129,250.0,170.0,134.0,2.0,125.0,0,StaryuGyarados,130.0,155.0,166.0,884.0,WaterWater,,
130,252.0,160.0,165.0,2.0,190.0,0,StarmieLapras,185.0,180.0,175.0,1040.0,WaterWater,PsychicIce,
131,254.0,93.0,113.0,2.0,88.0,0,Mr. MimeDitto,148.0,168.0,138.0,703.0,PsychicNormal,,
132,256.0,165.0,130.0,2.0,125.0,0,ScytherEevee,100.0,145.0,160.0,830.0,BugNormal,,
133,258.0,115.0,95.0,2.0,195.0,0,JynxVaporeon,225.0,190.0,160.0,935.0,IceWater,,
134,260.0,148.0,117.0,2.0,130.0,0,ElectabuzzJolteon,205.0,180.0,235.0,928.0,ElectricElectric,,
135,262.0,225.0,117.0,2.0,130.0,0,MagmarFlareon,195.0,195.0,158.0,1087.0,FireFire,,
136,264.0,185.0,170.0,2.0,130.0,0,PinsirPorygon,140.0,145.0,125.0,955.0,BugNormal,,
137,265.0,195.0,220.0,2.0,100.0,0,PinsirMega PinsirOmanyte,155.0,145.0,140.0,1010.0,BugRock,FlyingWater,
138,267.0,160.0,220.0,2.0,145.0,0,TaurosOmastar,155.0,140.0,165.0,980.0,NormalRock,,
139,269.0,90.0,145.0,2.0,50.0,0,MagikarpKabuto,70.0,65.0,135.0,510.0,WaterRock,,
140,271.0,240.0,184.0,2.0,155.0,0,GyaradosKabutops,125.0,170.0,161.0,1114.0,WaterRock,FlyingWater,
141,272.0,260.0,174.0,2.0,175.0,0,GyaradosMega GyaradosAerodactyl,130.0,205.0,211.0,1204.0,WaterRock,DarkFlying,
142,274.0,195.0,145.0,2.0,290.0,0,LaprasSnorlax,150.0,205.0,90.0,1180.0,WaterNormal,,
143,276.0,133.0,148.0,2.0,138.0,1,DittoArticuno,143.0,173.0,133.0,868.0,NormalIce,,
144,278.0,145.0,135.0,2.0,145.0,1,EeveeZapdos,170.0,155.0,155.0,895.0,NormalElectric,,
145,280.0,165.0,150.0,2.0,220.0,1,VaporeonMoltres,235.0,180.0,155.0,1115.0,WaterFire,,
146,282.0,129.0,105.0,2.0,106.0,0,JolteonDratini,160.0,145.0,180.0,774.0,ElectricDragon,,
147,284.0,214.0,125.0,2.0,126.0,0,FlareonDragonair,165.0,180.0,135.0,1024.0,FireDragon,,
148,286.0,194.0,165.0,2.0,156.0,0,PorygonDragonite,185.0,175.0,120.0,1069.0,NormalDragon,,
149,288.0,150.0,190.0,2.0,141.0,1,OmanyteMewtwo,244.0,145.0,165.0,1020.0,RockPsychic,,
150,290.0,160.0,225.0,2.0,170.0,0,OmastarMew,215.0,170.0,155.0,1100.0,RockPsychic,,
151,292.0,129.0,155.0,3.0,75.0,0,KabutoChikorita,104.0,110.0,100.0,702.0,RockGrass,,
152,294.0,177.0,185.0,3.0,120.0,0,KabutopsBayleef,128.0,150.0,140.0,937.0,RockGrass,,
153,297.0,157.0,108.0,3.0,119.0,0,AerodactylCyndaquil,120.0,125.0,195.0,786.0,RockFire,,
154,298.0,199.0,143.0,3.0,138.0,0,AerodactylMega AerodactylQuilava,150.0,160.0,230.0,989.0,RockFire,,
155,300.0,194.0,143.0,3.0,238.0,0,SnorlaxTyphlosion,174.0,195.0,130.0,1138.0,NormalFire,,
156,302.0,150.0,164.0,3.0,140.0,1,ArticunoTotodile,139.0,173.0,128.0,916.0,IceWater,,
157,304.0,170.0,165.0,3.0,155.0,1,ZapdosCroconaw,184.0,153.0,158.0,997.0,ElectricWater,,
158,306.0,205.0,190.0,3.0,175.0,1,MoltresFeraligatr,204.0,168.0,168.0,1147.0,FireWater,,
159,308.0,110.0,79.0,3.0,76.0,0,DratiniSentret,85.0,95.0,70.0,555.0,DragonNormal,,
160,310.0,160.0,129.0,3.0,146.0,0,DragonairFurret,115.0,125.0,160.0,835.0,DragonNormal,,
161,312.0,164.0,125.0,3.0,151.0,0,DragoniteHoothoot,136.0,156.0,130.0,896.0,DragonNormal,FlyingFlying,
162,314.0,160.0,140.0,3.0,206.0,1,MewtwoNoctowl,230.0,186.0,200.0,1082.0,PsychicNormal,,
163,315.0,210.0,130.0,3.0,146.0,1,MewtwoMega Mewtwo XLedyba,194.0,180.0,185.0,1070.0,PsychicBug,FightingFlying,
164,316.0,185.0,120.0,3.0,161.0,1,MewtwoMega Mewtwo YLedian,249.0,230.0,225.0,1130.0,PsychicBug,,
165,318.0,160.0,140.0,3.0,140.0,0,MewSpinarak,140.0,140.0,130.0,880.0,PsychicBug,,
166,320.0,139.0,135.0,4.0,115.0,0,ChikoritaAriados,109.0,125.0,85.0,762.0,GrassBug,,
167,322.0,152.0,160.0,4.0,145.0,0,BayleefCrobat,133.0,160.0,190.0,902.0,GrassPoison,,
168,324.0,120.0,138.0,4.0,155.0,0,MeganiumChinchou,139.0,156.0,147.0,828.0,GrassWater,,
169,326.0,110.0,101.0,4.0,164.0,0,CyndaquilLanturn,136.0,126.0,132.0,747.0,FireWater,,
170,328.0,104.0,73.0,4.0,78.0,0,QuilavaPichu,115.0,100.0,140.0,574.0,FireElectric,,
171,330.0,109.0,106.0,4.0,128.0,0,TyphlosionCleffa,154.0,140.0,115.0,746.0,FireFairy,,
172,332.0,95.0,79.0,4.0,140.0,0,TotodileIgglybuff,84.0,68.0,58.0,561.0,WaterNormal,,
173,334.0,100.0,145.0,4.0,100.0,0,CroconawTogepi,99.0,128.0,78.0,672.0,WaterFairy,,
174,336.0,145.0,185.0,4.0,140.0,0,FeraligatrTogetic,159.0,188.0,118.0,962.0,WaterFairy,,
175,338.0,96.0,79.0,4.0,75.0,0,SentretNatu,105.0,90.0,90.0,541.0,NormalPsychic,,
176,340.0,151.0,134.0,4.0,150.0,0,FurretXatu,140.0,125.0,185.0,851.0,NormalPsychic,,
177,342.0,70.0,70.0,4.0,115.0,0,HoothootMareep,101.0,101.0,85.0,527.0,NormalElectric,,
178,344.0,105.0,105.0,4.0,170.0,0,NoctowlFlaaffy,156.0,156.0,115.0,797.0,NormalElectric,,
179,346.0,95.0,115.0,4.0,130.0,0,LedybaAmpharos,155.0,170.0,110.0,760.0,BugElectric,,
180,348.0,115.0,145.0,4.0,130.0,0,LedianBellossom,145.0,210.0,135.0,860.0,BugGrass,,
181,350.0,80.0,90.0,4.0,110.0,0,SpinarakMarill,60.0,90.0,70.0,510.0,BugWater,PoisonFairy,
182,352.0,140.0,150.0,4.0,170.0,0,AriadosAzumarill,120.0,140.0,90.0,860.0,BugWater,PoisonFairy,
183,354.0,190.0,195.0,4.0,155.0,0,CrobatSudowoodo,100.0,145.0,160.0,975.0,PoisonRock,,
184,356.0,113.0,113.0,4.0,165.0,0,ChinchouPolitoed,146.0,156.0,137.0,806.0,WaterWater,,
185,358.0,93.0,98.0,4.0,160.0,0,LanturnHoppip,111.0,131.0,117.0,686.0,WaterGrass,ElectricFlying,
186,360.0,85.0,65.0,4.0,75.0,0,PichuSkiploom,80.0,100.0,140.0,490.0,ElectricGrass,,
187,362.0,80.0,98.0,4.0,125.0,0,CleffaJumpluff,100.0,150.0,125.0,633.0,FairyGrass,,
188,364.0,100.0,70.0,4.0,145.0,0,IgglybuffAipom,80.0,75.0,100.0,570.0,NormalNormal,,
189,366.0,50.0,95.0,4.0,65.0,0,TogepiSunkern,70.0,95.0,50.0,425.0,FairyGrass,,
190,368.0,115.0,140.0,4.0,130.0,0,TogeticSunflora,185.0,190.0,70.0,875.0,FairyGrass,,
191,370.0,115.0,90.0,4.0,105.0,0,NatuYanma,145.0,90.0,165.0,660.0,PsychicBug,FlyingFlying,
192,372.0,120.0,115.0,4.0,120.0,0,XatuWooper,120.0,95.0,110.0,690.0,PsychicWater,FlyingGround,
193,374.0,125.0,125.0,4.0,150.0,0,MareepQuagsire,130.0,110.0,70.0,765.0,ElectricWater,,
194,376.0,120.0,115.0,4.0,135.0,0,FlaaffyEspeon,210.0,155.0,155.0,855.0,ElectricPsychic,,
195,378.0,140.0,195.0,4.0,185.0,0,AmpharosUmbreon,175.0,220.0,120.0,1055.0,ElectricDark,,
196,379.0,180.0,147.0,4.0,150.0,0,AmpharosMega AmpharosMurkrow,250.0,152.0,136.0,1059.0,ElectricDark,DragonFlying,
197,381.0,155.0,175.0,4.0,170.0,0,BellossomSlowking,190.0,210.0,80.0,1055.0,GrassWater,,
198,383.0,80.0,110.0,4.0,130.0,0,MarillMisdreavus,105.0,135.0,125.0,640.0,WaterGhost,,
199,385.0,122.0,128.0,4.0,148.0,0,AzumarillUnown,132.0,128.0,98.0,780.0,WaterPsychic,,
200,387.0,133.0,173.0,4.0,260.0,0,SudowoodoWobbuffet,63.0,123.0,63.0,885.0,RockPsychic,,
201,389.0,155.0,140.0,4.0,160.0,0,PolitoedGirafarig,180.0,165.0,155.0,955.0,WaterNormal,,
202,391.0,100.0,130.0,4.0,85.0,0,HoppipPineco,70.0,90.0,65.0,575.0,GrassBug,,
203,393.0,135.0,190.0,4.0,130.0,0,SkiploomForretress,105.0,125.0,120.0,820.0,GrassBug,FlyingSteel,
204,395.0,125.0,140.0,4.0,175.0,0,JumpluffDunsparce,120.0,160.0,155.0,845.0,GrassNormal,,
205,397.0,145.0,160.0,4.0,120.0,0,AipomGligar,75.0,120.0,170.0,765.0,NormalGround,,
206,399.0,115.0,230.0,4.0,105.0,0,SunkernSteelix,85.0,95.0,60.0,745.0,GrassSteel,,
207,401.0,155.0,105.0,4.0,135.0,0,SunfloraSnubbull,145.0,125.0,60.0,820.0,GrassFairy,,
208,403.0,185.0,120.0,4.0,155.0,0,YanmaGranbull,135.0,105.0,140.0,885.0,BugFairy,,
209,405.0,140.0,120.0,4.0,120.0,0,WooperQwilfish,80.0,80.0,100.0,680.0,WaterWater,GroundPoison,
210,407.0,215.0,185.0,4.0,165.0,0,QuagsireScizor,120.0,145.0,100.0,1045.0,WaterBug,GroundSteel,
211,409.0,75.0,290.0,4.0,85.0,0,EspeonShuckle,140.0,325.0,115.0,990.0,PsychicBug,,
212,411.0,190.0,185.0,4.0,175.0,0,UmbreonHeracross,100.0,225.0,150.0,1065.0,DarkBug,,
213,413.0,180.0,97.0,4.0,115.0,0,MurkrowSneasel,120.0,117.0,206.0,809.0,DarkDark,FlyingIce,
214,415.0,155.0,130.0,4.0,155.0,0,SlowkingTeddiursa,150.0,160.0,70.0,905.0,WaterNormal,,
215,417.0,190.0,135.0,4.0,150.0,0,MisdreavusUrsaring,160.0,160.0,140.0,985.0,GhostNormal,,
216,419.0,112.0,88.0,4.0,88.0,0,UnownSlugma,142.0,88.0,68.0,630.0,PsychicFire,,
217,421.0,83.0,178.0,4.0,240.0,0,WobbuffetMagcargo,113.0,138.0,63.0,835.0,PsychicFire,,
218,423.0,130.0,105.0,4.0,120.0,0,GirafarigSwinub,120.0,95.0,135.0,700.0,NormalIce,PsychicGround,
219,425.0,165.0,170.0,4.0,150.0,0,PinecoPiloswine,95.0,95.0,65.0,840.0,BugIce,,
220,427.0,145.0,225.0,4.0,130.0,0,ForretressCorsola,125.0,145.0,75.0,915.0,BugWater,SteelRock,
221,429.0,135.0,105.0,4.0,135.0,0,DunsparceRemoraid,130.0,100.0,110.0,740.0,NormalWater,,
222,431.0,180.0,180.0,4.0,140.0,0,GligarOctillery,140.0,140.0,130.0,960.0,GroundWater,,
223,433.0,140.0,245.0,4.0,120.0,0,SteelixDelibird,120.0,110.0,105.0,875.0,SteelIce,GroundFlying,
224,434.0,165.0,300.0,4.0,140.0,0,SteelixMega SteelixMantine,135.0,235.0,100.0,1140.0,SteelWater,GroundFlying,
225,436.0,160.0,190.0,4.0,125.0,0,SnubbullSkarmory,80.0,110.0,100.0,825.0,FairySteel,,
226,438.0,180.0,105.0,4.0,135.0,0,GranbullHoundour,140.0,110.0,110.0,850.0,FairyDark,,
227,440.0,185.0,125.0,4.0,140.0,0,QwilfishHoundoom,165.0,135.0,180.0,935.0,WaterDark,PoisonFire,
228,442.0,225.0,195.0,4.0,145.0,0,ScizorKingdra,150.0,175.0,150.0,1115.0,BugWater,SteelDragon,
229,443.0,210.0,200.0,4.0,160.0,0,ScizorMega ScizorPhanpy,105.0,140.0,115.0,1025.0,BugGround,,
230,445.0,130.0,350.0,4.0,110.0,0,ShuckleDonphan,70.0,290.0,55.0,1080.0,BugGround,,
231,447.0,205.0,165.0,4.0,165.0,0,HeracrossPorygon2,145.0,190.0,145.0,1075.0,BugNormal,,
232,448.0,280.0,177.0,4.0,153.0,0,HeracrossMega HeracrossStantler,125.0,170.0,160.0,1185.0,BugNormal,,
233,450.0,115.0,90.0,4.0,110.0,0,SneaselSmeargle,55.0,120.0,190.0,605.0,DarkNormal,,
234,452.0,115.0,85.0,4.0,95.0,0,TeddiursaTyrogue,85.0,85.0,75.0,580.0,NormalFighting,,
235,454.0,225.0,170.0,4.0,140.0,0,UrsaringHitmontop,110.0,185.0,125.0,1055.0,NormalFighting,,
236,456.0,70.0,55.0,4.0,85.0,0,SlugmaSmoochum,155.0,105.0,85.0,540.0,FireIce,,
237,458.0,113.0,157.0,4.0,95.0,0,MagcargoElekid,145.0,135.0,125.0,758.0,FireElectric,,
238,460.0,125.0,77.0,4.0,95.0,0,SwinubMagby,100.0,85.0,133.0,607.0,IceFire,,
239,462.0,180.0,185.0,4.0,195.0,0,PiloswineMiltank,100.0,130.0,150.0,970.0,IceNormal,,
240,464.0,65.0,95.0,4.0,310.0,0,CorsolaBlissey,140.0,220.0,90.0,895.0,WaterNormal,,
241,466.0,150.0,110.0,4.0,125.0,1,RemoraidRaikou,180.0,135.0,180.0,850.0,WaterElectric,,
242,468.0,220.0,160.0,4.0,190.0,1,OctilleryEntei,195.0,150.0,145.0,1135.0,WaterFire,,
243,470.0,130.0,160.0,4.0,145.0,1,DelibirdSuicune,155.0,160.0,160.0,880.0,IceWater,,
244,472.0,104.0,120.0,4.0,115.0,0,MantineLarvitar,125.0,190.0,111.0,758.0,WaterRock,FlyingGround,
245,474.0,164.0,210.0,4.0,135.0,0,SkarmoryPupitar,105.0,140.0,121.0,918.0,SteelRock,FlyingGround,
246,476.0,194.0,140.0,4.0,145.0,0,HoundourTyranitar,175.0,150.0,126.0,998.0,DarkRock,FireDark,
247,478.0,180.0,180.0,4.0,181.0,1,HoundoomLugia,200.0,234.0,205.0,1155.0,DarkPsychic,FireFlying,
248,479.0,220.0,180.0,4.0,181.0,1,HoundoomMega HoundoomHo-oh,250.0,244.0,205.0,1295.0,DarkFire,FireFlying,
249,481.0,195.0,195.0,4.0,175.0,0,KingdraCelebi,195.0,195.0,185.0,1150.0,WaterPsychic,DragonGrass,
250,483.0,105.0,95.0,5.0,130.0,0,PhanpyTreecko,105.0,95.0,110.0,635.0,GroundGrass,,
251,485.0,185.0,165.0,5.0,140.0,0,DonphanGrovyle,145.0,125.0,145.0,945.0,GroundGrass,,
252,487.0,165.0,155.0,5.0,155.0,0,Porygon2Sceptile,210.0,180.0,180.0,1030.0,NormalGrass,,
253,489.0,155.0,102.0,5.0,118.0,0,StantlerTorchic,155.0,115.0,130.0,800.0,NormalFire,,
254,491.0,105.0,95.0,5.0,115.0,0,SmeargleCombusken,105.0,105.0,130.0,630.0,NormalFire,,
255,493.0,155.0,105.0,5.0,115.0,0,TyrogueBlaziken,145.0,105.0,115.0,780.0,FightingFire,,
256,495.0,165.0,145.0,5.0,100.0,0,HitmontopMudkip,85.0,160.0,110.0,820.0,FightingWater,,
257,497.0,115.0,85.0,5.0,115.0,0,SmoochumMarshtomp,145.0,135.0,115.0,710.0,IceWater,PsychicGround,
258,499.0,173.0,127.0,5.0,145.0,0,ElekidSwampert,150.0,145.0,155.0,913.0,ElectricWater,,
259,501.0,130.0,72.0,5.0,80.0,0,MagbyPoochyena,100.0,85.0,118.0,597.0,FireDark,,
260,503.0,170.0,175.0,5.0,165.0,0,MiltankMightyena,100.0,130.0,170.0,910.0,NormalDark,,
261,505.0,40.0,51.0,5.0,293.0,0,BlisseyZigzagoon,105.0,176.0,115.0,705.0,NormalNormal,,
262,507.0,155.0,136.0,5.0,168.0,1,RaikouLinoone,165.0,161.0,215.0,940.0,ElectricNormal,,
263,509.0,160.0,120.0,5.0,160.0,1,EnteiWurmple,110.0,105.0,120.0,815.0,FireBug,,
264,511.0,110.0,170.0,5.0,150.0,1,SuicuneSilcoon,115.0,140.0,100.0,795.0,WaterBug,,
265,513.0,134.0,100.0,5.0,110.0,0,LarvitarBeautifly,145.0,100.0,106.0,723.0,RockBug,GroundFlying,
266,515.0,119.0,125.0,5.0,120.0,0,PupitarCascoon,90.0,95.0,66.0,668.0,RockBug,,
267,517.0,184.0,180.0,5.0,160.0,0,TyranitarDustox,145.0,190.0,126.0,1043.0,RockBug,DarkPoison,
268,518.0,194.0,180.0,5.0,140.0,0,TyranitarMega TyranitarLotad,135.0,170.0,101.0,1013.0,RockWater,DarkGrass,
269,520.0,140.0,180.0,5.0,166.0,1,LugiaLombre,150.0,224.0,160.0,1000.0,PsychicWater,FlyingGrass,
270,522.0,200.0,160.0,5.0,186.0,1,Ho-ohLudicolo,200.0,254.0,160.0,1200.0,FireWater,FlyingGrass,
271,524.0,140.0,150.0,5.0,140.0,0,CelebiSeedot,130.0,130.0,130.0,830.0,PsychicGrass,,
272,526.0,115.0,75.0,6.0,110.0,0,TreeckoNuzleaf,125.0,95.0,130.0,635.0,GrassGrass,,
273,528.0,165.0,105.0,6.0,140.0,0,GrovyleShiftry,175.0,125.0,175.0,875.0,GrassGrass,,
274,530.0,140.0,95.0,6.0,110.0,0,SceptileTaillow,135.0,115.0,205.0,735.0,GrassNormal,,
275,531.0,195.0,135.0,6.0,130.0,0,SceptileMega SceptileSwellow,195.0,135.0,270.0,985.0,GrassNormal,DragonFlying,
276,533.0,90.0,70.0,6.0,85.0,0,TorchicWingull,125.0,80.0,130.0,540.0,FireWater,,
277,535.0,135.0,160.0,6.0,120.0,0,CombuskenPelipper,170.0,130.0,120.0,850.0,FireWater,FightingFlying,
278,537.0,145.0,95.0,6.0,108.0,0,BlazikenRalts,155.0,105.0,120.0,753.0,FirePsychic,FightingFairy,
279,538.0,195.0,115.0,6.0,118.0,0,BlazikenMega BlazikenKirlia,195.0,135.0,150.0,953.0,FirePsychic,FightingFairy,
280,540.0,135.0,115.0,6.0,118.0,0,MudkipGardevoir,175.0,165.0,120.0,843.0,WaterPsychic,,
281,542.0,115.0,102.0,6.0,110.0,0,MarshtompSurskit,110.0,122.0,115.0,674.0,WaterBug,GroundWater,
282,544.0,170.0,152.0,6.0,170.0,0,SwampertMasquerain,165.0,172.0,120.0,999.0,WaterBug,GroundFlying,
283,545.0,190.0,170.0,6.0,160.0,0,SwampertMega SwampertShroomish,135.0,170.0,105.0,1015.0,WaterGrass,,
284,547.0,185.0,115.0,6.0,95.0,0,PoochyenaBreloom,90.0,90.0,105.0,760.0,DarkGrass,,
285,549.0,150.0,130.0,6.0,130.0,0,MightyenaSlakoth,95.0,95.0,100.0,750.0,DarkNormal,,
286,551.0,110.0,121.0,6.0,118.0,0,ZigzagoonVigoroth,85.0,96.0,150.0,640.0,NormalNormal,,
287,553.0,230.0,161.0,6.0,228.0,0,LinooneSlaking,145.0,126.0,200.0,1120.0,NormalNormal,,
288,555.0,90.0,125.0,6.0,76.0,0,WurmpleNincada,50.0,60.0,60.0,491.0,BugBug,,
289,557.0,125.0,100.0,6.0,111.0,0,SilcoonNinjask,75.0,75.0,175.0,611.0,BugBug,,
290,559.0,160.0,95.0,6.0,61.0,0,BeautiflyShedinja,130.0,80.0,105.0,686.0,BugBug,FlyingGhost,
291,561.0,86.0,78.0,6.0,114.0,0,CascoonWhismur,76.0,48.0,43.0,488.0,BugNormal,,
292,563.0,121.0,113.0,6.0,144.0,0,DustoxLoudred,121.0,133.0,113.0,753.0,BugNormal,,
293,565.0,121.0,93.0,6.0,144.0,0,LotadExploud,131.0,123.0,98.0,733.0,WaterNormal,,
294,567.0,110.0,80.0,6.0,132.0,0,LombreMakuhita,80.0,100.0,75.0,612.0,WaterFighting,,
295,569.0,190.0,130.0,6.0,224.0,0,LudicoloHariyama,130.0,160.0,120.0,1024.0,WaterFighting,,
296,571.0,60.0,90.0,6.0,90.0,0,SeedotAzurill,50.0,70.0,50.0,420.0,GrassNormal,,
297,573.0,115.0,175.0,6.0,100.0,0,NuzleafNosepass,105.0,130.0,90.0,740.0,GrassRock,,
298,575.0,145.0,105.0,6.0,140.0,0,ShiftrySkitty,125.0,95.0,130.0,755.0,GrassNormal,,
299,577.0,120.0,95.0,6.0,110.0,0,TaillowDelcatty,85.0,85.0,155.0,615.0,NormalNormal,,
300,579.0,160.0,135.0,6.0,110.0,0,SwellowSableye,115.0,115.0,175.0,795.0,NormalDark,FlyingGhost,
301,581.0,115.0,115.0,6.0,90.0,0,WingullMawile,110.0,85.0,135.0,630.0,WaterSteel,FlyingFairy,
302,583.0,120.0,200.0,6.0,110.0,0,PelipperAron,125.0,110.0,95.0,785.0,WaterSteel,FlyingRock,
303,585.0,115.0,165.0,6.0,88.0,0,RaltsLairon,95.0,85.0,80.0,663.0,PsychicSteel,FairyRock,
304,587.0,145.0,215.0,6.0,108.0,0,KirliaAggron,125.0,115.0,100.0,853.0,PsychicSteel,FairyRock,
305,589.0,105.0,120.0,6.0,98.0,0,GardevoirMeditite,165.0,170.0,140.0,763.0,PsychicFighting,FairyPsychic,
306,590.0,145.0,140.0,6.0,128.0,0,GardevoirMega GardevoirMedicham,225.0,210.0,180.0,993.0,PsychicFighting,FairyPsychic,
307,592.0,75.0,72.0,6.0,80.0,0,SurskitElectrike,115.0,92.0,130.0,509.0,BugElectric,,
308,594.0,135.0,122.0,6.0,140.0,0,MasquerainManectric,185.0,142.0,165.0,859.0,BugElectric,,
309,596.0,90.0,100.0,6.0,120.0,0,ShroomishPlusle,125.0,135.0,130.0,660.0,GrassElectric,,
310,598.0,170.0,130.0,6.0,120.0,0,BreloomMinun,135.0,145.0,165.0,870.0,GrassElectric,,
311,600.0,133.0,115.0,6.0,125.0,0,SlakothVolbeat,82.0,110.0,115.0,698.0,NormalBug,,
312,602.0,127.0,135.0,6.0,145.0,0,VigorothIllumise,128.0,130.0,175.0,792.0,NormalBug,,
313,604.0,220.0,145.0,6.0,200.0,0,SlakingRoselia,195.0,145.0,165.0,1125.0,NormalGrass,,
314,606.0,88.0,143.0,6.0,101.0,0,NincadaGulpin,73.0,83.0,80.0,576.0,BugPoison,,
315,608.0,163.0,128.0,6.0,161.0,0,NinjaskSwalot,123.0,133.0,215.0,871.0,BugPoison,,
316,610.0,180.0,65.0,6.0,46.0,0,ShedinjaCarvanha,95.0,50.0,105.0,616.0,BugWater,GhostDark,
317,612.0,171.0,63.0,6.0,134.0,0,WhismurSharpedo,146.0,63.0,123.0,748.0,NormalWater,,
318,614.0,141.0,78.0,6.0,214.0,0,LoudredWailmer,141.0,78.0,108.0,793.0,NormalWater,,
319,616.0,181.0,108.0,6.0,274.0,0,ExploudWailord,181.0,118.0,128.0,1043.0,NormalWater,,
320,618.0,120.0,70.0,6.0,132.0,0,MakuhitaNumel,85.0,75.0,60.0,602.0,FightingFire,,
321,620.0,220.0,130.0,6.0,214.0,0,HariyamaCamerupt,145.0,135.0,90.0,1064.0,FightingFire,,
322,622.0,105.0,180.0,6.0,120.0,0,AzurillTorkoal,105.0,110.0,40.0,725.0,NormalFire,,
323,624.0,70.0,170.0,6.0,90.0,0,NosepassSpoink,115.0,170.0,90.0,685.0,RockPsychic,,
324,626.0,90.0,110.0,6.0,130.0,0,SkittyGrumpig,125.0,145.0,130.0,690.0,NormalPsychic,,
325,628.0,125.0,125.0,6.0,130.0,0,DelcattySpinda,115.0,115.0,130.0,735.0,NormalNormal,,
326,630.0,175.0,120.0,6.0,95.0,0,SableyeTrapinch,110.0,110.0,60.0,785.0,DarkGround,,
327,631.0,155.0,175.0,6.0,100.0,0,SableyeMega SableyeVibrava,135.0,165.0,90.0,885.0,DarkGround,GhostDragon,
328,633.0,185.0,165.0,6.0,130.0,0,MawileFlygon,135.0,135.0,150.0,935.0,SteelGround,FairyDragon,
329,634.0,190.0,165.0,6.0,100.0,0,MawileMega MawileCacnea,140.0,135.0,85.0,920.0,SteelGrass,,
330,636.0,185.0,160.0,6.0,120.0,0,AronCacturne,155.0,100.0,85.0,905.0,SteelGrass,RockDark,
331,638.0,130.0,200.0,6.0,105.0,0,LaironSwablu,90.0,125.0,90.0,780.0,SteelNormal,RockFlying,
332,640.0,180.0,270.0,6.0,145.0,0,AggronAltaria,130.0,165.0,130.0,1070.0,SteelDragon,RockFlying,
333,641.0,255.0,290.0,6.0,143.0,0,AggronMega AggronZangoose,120.0,140.0,140.0,1203.0,SteelNormal,,
334,643.0,140.0,115.0,6.0,103.0,0,MedititeSeviper,140.0,115.0,125.0,753.0,FightingPoison,,
335,645.0,115.0,140.0,6.0,130.0,0,MedichamLunatone,155.0,160.0,150.0,815.0,FightingRock,PsychicPsychic,
336,646.0,195.0,170.0,6.0,130.0,0,MedichamMega MedichamSolrock,135.0,150.0,170.0,975.0,FightingRock,PsychicPsychic,
337,648.0,93.0,83.0,6.0,90.0,0,ElectrikeBarboach,111.0,81.0,125.0,551.0,ElectricWater,,
338,650.0,153.0,133.0,6.0,180.0,0,ManectricWhiscash,181.0,131.0,165.0,931.0,ElectricWater,,
339,651.0,155.0,145.0,6.0,113.0,0,ManectricMega ManectricCorphish,185.0,115.0,170.0,868.0,ElectricWater,,
340,653.0,170.0,125.0,6.0,123.0,0,PlusleCrawdaunt,175.0,130.0,150.0,893.0,ElectricWater,,
341,655.0,80.0,105.0,6.0,100.0,0,MinunBaltoy,115.0,155.0,150.0,635.0,ElectricGround,,
342,657.0,143.0,160.0,6.0,125.0,0,VolbeatClaydol,117.0,195.0,160.0,883.0,BugGround,,
343,659.0,88.0,132.0,6.0,131.0,0,IllumiseLileep,134.0,162.0,108.0,735.0,BugRock,,
344,661.0,141.0,142.0,6.0,136.0,0,RoseliaCradily,181.0,187.0,108.0,928.0,GrassRock,PoisonGrass,
345,663.0,138.0,103.0,6.0,115.0,0,GulpinAnorith,83.0,103.0,115.0,680.0,PoisonRock,,
346,665.0,198.0,183.0,6.0,175.0,0,SwalotArmaldo,143.0,163.0,100.0,1060.0,PoisonRock,,
347,667.0,105.0,40.0,6.0,65.0,0,CarvanhaFeebas,75.0,75.0,145.0,465.0,WaterWater,,
348,669.0,180.0,119.0,6.0,165.0,0,SharpedoMilotic,195.0,165.0,176.0,1004.0,WaterWater,,
349,670.0,210.0,140.0,6.0,140.0,0,SharpedoMega SharpedoCastform,180.0,135.0,175.0,1015.0,WaterNormal,,
350,672.0,160.0,105.0,6.0,190.0,0,WailmerKecleon,130.0,155.0,100.0,900.0,WaterNormal,,
351,674.0,165.0,80.0,6.0,214.0,0,WailordShuppet,153.0,78.0,105.0,855.0,WaterGhost,,
352,676.0,175.0,105.0,6.0,124.0,0,NumelBanette,148.0,108.0,100.0,835.0,FireGhost,,
353,678.0,140.0,160.0,6.0,90.0,0,CameruptDuskull,135.0,165.0,65.0,830.0,FireGhost,,
354,679.0,190.0,230.0,6.0,110.0,0,CameruptMega CameruptDusclops,205.0,235.0,45.0,1160.0,FireGhost,,
355,681.0,153.0,223.0,6.0,169.0,0,TorkoalTropius,157.0,157.0,71.0,1012.0,FireGrass,,
356,683.0,75.0,105.0,6.0,125.0,0,SpoinkChimecho,165.0,160.0,125.0,705.0,PsychicPsychic,,
357,685.0,175.0,125.0,6.0,145.0,0,GrumpigAbsol,165.0,170.0,155.0,955.0,PsychicDark,,
358,687.0,83.0,108.0,6.0,155.0,0,SpindaWynaut,83.0,108.0,83.0,620.0,NormalPsychic,,
359,689.0,150.0,95.0,6.0,95.0,0,TrapinchSnorunt,95.0,95.0,60.0,680.0,GroundIce,,
360,691.0,150.0,130.0,6.0,130.0,0,VibravaGlalie,130.0,130.0,150.0,820.0,GroundIce,,
361,693.0,140.0,130.0,6.0,150.0,0,FlygonSpheal,135.0,130.0,125.0,825.0,GroundIce,DragonWater,
362,695.0,145.0,110.0,6.0,140.0,0,CacneaSealeo,160.0,110.0,80.0,810.0,GrassIce,,
363,697.0,195.0,150.0,6.0,180.0,0,CacturneWalrein,210.0,150.0,120.0,1080.0,GrassIce,DarkWater,
364,699.0,104.0,145.0,6.0,80.0,0,SwabluClamperl,114.0,130.0,82.0,677.0,NormalWater,,
365,701.0,174.0,195.0,6.0,130.0,0,AltariaHuntail,164.0,180.0,132.0,1017.0,DragonWater,,
366,702.0,194.0,215.0,6.0,130.0,0,AltariaMega AltariaGorebyss,224.0,180.0,132.0,1137.0,DragonWater,,
367,704.0,205.0,190.0,6.0,173.0,0,ZangooseRelicanth,105.0,125.0,145.0,1003.0,NormalWater,,
368,706.0,130.0,115.0,6.0,116.0,0,SeviperLuvdisc,140.0,125.0,162.0,756.0,PoisonWater,,
369,708.0,130.0,125.0,6.0,115.0,0,LunatoneBagon,135.0,115.0,120.0,750.0,RockDragon,,
370,710.0,190.0,185.0,6.0,135.0,0,SolrockShelgon,115.0,115.0,120.0,930.0,RockDragon,,
371,712.0,183.0,123.0,6.0,145.0,0,BarboachSalamence,156.0,121.0,160.0,911.0,WaterDragon,GroundFlying,
372,714.0,133.0,153.0,6.0,150.0,0,WhiscashBeldum,111.0,131.0,90.0,811.0,WaterSteel,GroundPsychic,
373,716.0,155.0,165.0,6.0,103.0,0,CorphishMetang,105.0,115.0,85.0,798.0,WaterSteel,,
374,718.0,255.0,215.0,6.0,143.0,0,CrawdauntMetagross,185.0,145.0,125.0,1198.0,WaterSteel,DarkPsychic,
375,720.0,140.0,255.0,6.0,120.0,1,BaltoyRegirock,90.0,170.0,105.0,915.0,GroundRock,,
376,722.0,120.0,205.0,6.0,140.0,1,ClaydolRegice,170.0,320.0,125.0,1075.0,GroundIce,,
377,724.0,116.0,227.0,6.0,146.0,1,LileepRegisteel,136.0,237.0,73.0,978.0,RockSteel,,
378,726.0,161.0,187.0,6.0,166.0,1,CradilyLatias,191.0,237.0,153.0,1103.0,RockDragon,GrassPsychic,
379,728.0,185.0,130.0,6.0,125.0,1,AnorithLatios,170.0,160.0,185.0,955.0,RockDragon,BugPsychic,
380,730.0,225.0,190.0,6.0,175.0,1,ArmaldoKyogre,220.0,220.0,135.0,1255.0,RockWater,,
381,731.0,165.0,110.0,6.0,120.0,1,FeebasKyogrePrimal Kyogre,190.0,215.0,170.0,965.0,WaterWater,,
382,733.0,210.0,219.0,6.0,195.0,1,MiloticGroudon,200.0,215.0,171.0,1249.0,WaterGround,,
383,734.0,250.0,230.0,6.0,170.0,1,CastformGroudonPrimal Groudon,220.0,160.0,160.0,1280.0,NormalGround,,
384,736.0,240.0,160.0,6.0,165.0,1,KecleonRayquaza,210.0,210.0,135.0,1225.0,NormalDragon,,
385,738.0,175.0,135.0,6.0,144.0,1,ShuppetJirachi,163.0,133.0,145.0,925.0,GhostSteel,,
386,740.0,265.0,115.0,6.0,114.0,1,BanetteDeoxysNormal Forme,233.0,113.0,215.0,1105.0,GhostPsychic,,
387,740.0,345.0,95.0,6.0,114.0,1,BanetteMega BanetteDeoxysAttack Forme,273.0,103.0,225.0,1275.0,GhostPsychic,,
388,741.0,110.0,250.0,6.0,70.0,1,DuskullDeoxysDefense Forme,100.0,250.0,115.0,890.0,GhostPsychic,,
389,742.0,165.0,220.0,6.0,90.0,1,DusclopsDeoxysSpeed Forme,155.0,220.0,205.0,1015.0,GhostPsychic,,
390,744.0,136.0,147.0,7.0,154.0,0,TropiusTurtwig,117.0,142.0,82.0,832.0,GrassGrass,,
391,746.0,139.0,155.0,7.0,140.0,0,ChimechoGrotle,150.0,145.0,101.0,868.0,PsychicGrass,,
392,748.0,239.0,165.0,7.0,160.0,0,AbsolTorterra,150.0,145.0,131.0,1098.0,DarkGrass,,
393,749.0,208.0,104.0,7.0,109.0,0,AbsolMega AbsolChimchar,173.0,104.0,176.0,906.0,DarkFire,,
394,751.0,101.0,100.0,7.0,159.0,0,WynautMonferno,101.0,100.0,104.0,662.0,PsychicFire,,
395,753.0,154.0,121.0,7.0,126.0,0,SnoruntInfernape,154.0,121.0,158.0,830.0,IceFire,,
396,755.0,131.0,133.0,7.0,133.0,0,GlaliePiplup,141.0,136.0,120.0,805.0,IceWater,,
397,756.0,186.0,148.0,7.0,144.0,0,GlalieMega GlaliePrinplup,201.0,156.0,150.0,1021.0,IceWater,,
398,758.0,126.0,138.0,7.0,154.0,0,SphealEmpoleon,166.0,151.0,85.0,861.0,IceWater,WaterSteel,
399,760.0,115.0,100.0,7.0,130.0,0,SealeoStarly,105.0,100.0,105.0,665.0,IceNormal,WaterFlying,
400,762.0,155.0,140.0,7.0,165.0,0,WalreinStaravia,135.0,130.0,145.0,880.0,IceNormal,WaterFlying,
401,764.0,184.0,155.0,7.0,120.0,0,ClamperlStaraptor,124.0,115.0,132.0,882.0,WaterNormal,,
402,766.0,149.0,145.0,7.0,114.0,0,HuntailBidoof,129.0,115.0,83.0,801.0,WaterNormal,,
403,768.0,169.0,165.0,7.0,134.0,0,GorebyssBibarel,169.0,135.0,123.0,941.0,WaterNormal,,
404,770.0,115.0,171.0,7.0,137.0,0,RelicanthKricketot,70.0,106.0,80.0,714.0,WaterBug,,
405,772.0,115.0,106.0,7.0,120.0,0,LuvdiscKricketune,95.0,116.0,162.0,667.0,WaterBug,,
406,774.0,140.0,94.0,7.0,90.0,0,BagonShinx,80.0,64.0,95.0,608.0,DragonElectric,,
407,776.0,180.0,149.0,7.0,125.0,0,ShelgonLuxio,120.0,99.0,110.0,853.0,DragonElectric,,
408,778.0,255.0,159.0,7.0,175.0,0,SalamenceLuxray,205.0,159.0,170.0,1208.0,DragonElectric,,
409,779.0,175.0,165.0,7.0,135.0,0,SalamenceMega SalamenceBudew,170.0,160.0,175.0,980.0,DragonGrass,FlyingPoison,
410,781.0,125.0,145.0,7.0,100.0,0,BeldumRoserade,160.0,165.0,120.0,820.0,SteelGrass,PsychicPoison,
411,783.0,200.0,140.0,7.0,127.0,0,MetangCranidos,85.0,110.0,108.0,862.0,SteelRock,,
412,785.0,300.0,190.0,7.0,177.0,0,MetagrossRampardos,160.0,140.0,128.0,1267.0,SteelRock,,
413,786.0,187.0,268.0,7.0,110.0,0,MetagrossMega MetagrossShieldon,147.0,198.0,140.0,1097.0,SteelRock,PsychicSteel,
414,788.0,152.0,368.0,7.0,140.0,1,RegirockBastiodon,97.0,238.0,80.0,1147.0,RockRock,,
415,790.0,79.0,145.0,7.0,120.0,1,RegiceBurmy,129.0,245.0,86.0,797.0,IceBug,,
416,792.0,134.0,235.0,7.0,140.0,1,RegisteelWormadamPlant Cloak,154.0,255.0,86.0,1052.0,SteelBug,,
417,793.0,159.0,195.0,7.0,140.0,1,LatiasWormadamSandy Cloak,169.0,215.0,146.0,1037.0,DragonBug,PsychicGround,
418,793.0,169.0,215.0,7.0,140.0,1,LatiasMega LatiasWormadamTrash Cloak,209.0,245.0,146.0,1147.0,DragonBug,PsychicSteel,
419,795.0,184.0,130.0,7.0,150.0,1,LatiosMothim,224.0,160.0,176.0,1032.0,DragonBug,PsychicFlying,
420,796.0,160.0,142.0,7.0,110.0,1,LatiosMega LatiosCombee,190.0,162.0,180.0,924.0,DragonBug,PsychicFlying,
421,798.0,180.0,192.0,7.0,170.0,1,KyogreVespiquen,230.0,242.0,130.0,1194.0,WaterBug,,
422,799.0,195.0,160.0,7.0,160.0,1,KyogrePrimal KyogrePachirisu,225.0,250.0,185.0,1185.0,WaterElectric,,
423,801.0,215.0,175.0,7.0,155.0,1,GroudonBuizel,160.0,120.0,175.0,1040.0,GroundWater,,
424,802.0,285.0,215.0,7.0,185.0,1,GroudonPrimal GroudonFloatzel,235.0,140.0,205.0,1345.0,GroundWater,,
425,804.0,185.0,135.0,7.0,150.0,1,RayquazaCherubi,212.0,143.0,130.0,1010.0,DragonGrass,,
426,805.0,240.0,170.0,7.0,175.0,1,RayquazaMega RayquazaCherrim,267.0,178.0,200.0,1270.0,DragonGrass,,
427,807.0,148.0,148.0,7.0,176.0,1,JirachiShellos,157.0,162.0,134.0,939.0,SteelWater,,
428,809.0,233.0,118.0,7.0,161.0,1,DeoxysNormal FormeGastrodon,242.0,132.0,189.0,1119.0,PsychicWater,,
429,810.0,280.0,86.0,7.0,125.0,1,DeoxysAttack FormeAmbipom,240.0,86.0,265.0,1097.0,PsychicNormal,,
430,811.0,120.0,194.0,7.0,140.0,1,DeoxysDefense FormeDrifloon,130.0,204.0,160.0,908.0,PsychicGhost,,
431,812.0,175.0,134.0,7.0,200.0,1,DeoxysSpeed FormeDrifblim,185.0,144.0,260.0,1013.0,PsychicGhost,,
432,814.0,134.0,108.0,8.0,110.0,0,TurtwigBuneary,89.0,111.0,116.0,686.0,GrassNormal,,
433,816.0,165.0,169.0,8.0,140.0,0,GrotleLopunny,109.0,161.0,141.0,909.0,GrassNormal,,
434,818.0,169.0,165.0,8.0,155.0,0,TorterraMismagius,180.0,190.0,161.0,1028.0,GrassGhost,,
435,820.0,183.0,96.0,8.0,144.0,0,ChimcharHonchkrow,163.0,96.0,132.0,865.0,FireDark,,
436,822.0,133.0,94.0,8.0,113.0,0,MonfernoGlameow,120.0,89.0,166.0,682.0,FireNormal,,
437,824.0,186.0,135.0,8.0,147.0,0,InfernapePurugly,168.0,130.0,220.0,952.0,FireNormal,,
438,826.0,81.0,103.0,8.0,98.0,0,PiplupChingling,126.0,106.0,85.0,595.0,WaterPsychic,,
439,828.0,129.0,115.0,8.0,127.0,0,PrinplupStunky,122.0,117.0,124.0,739.0,WaterPoison,,
440,830.0,179.0,155.0,8.0,187.0,0,EmpoleonSkuntank,182.0,162.0,144.0,1044.0,WaterPoison,SteelDark,
441,832.0,79.0,116.0,8.0,97.0,0,StarlyBronzor,54.0,116.0,83.0,541.0,NormalSteel,FlyingPsychic,
442,834.0,164.0,166.0,8.0,122.0,0,StaraviaBronzong,119.0,156.0,113.0,891.0,NormalSteel,FlyingPsychic,
443,836.0,200.0,165.0,8.0,135.0,0,StaraptorBonsly,60.0,105.0,110.0,865.0,NormalRock,,
444,838.0,70.0,85.0,8.0,79.0,0,BidoofMime Jr.,105.0,130.0,91.0,539.0,NormalPsychic,,
445,840.0,90.0,65.0,8.0,179.0,0,BibarelHappiny,70.0,125.0,101.0,619.0,NormalNormal,,
446,842.0,90.0,86.0,8.0,113.0,0,KricketotChatot,117.0,83.0,116.0,579.0,BugNormal,,
447,844.0,177.0,159.0,8.0,127.0,0,KricketuneSpiritomb,147.0,159.0,100.0,946.0,BugGhost,,
448,846.0,135.0,79.0,8.0,103.0,0,ShinxGible,80.0,79.0,87.0,611.0,ElectricDragon,,
449,848.0,175.0,114.0,8.0,128.0,0,LuxioGabite,110.0,104.0,142.0,806.0,ElectricDragon,,
450,850.0,250.0,174.0,8.0,188.0,0,LuxrayGarchomp,175.0,164.0,172.0,1201.0,ElectricDragon,,
451,852.0,115.0,75.0,8.0,175.0,0,BudewMunchlax,90.0,155.0,60.0,725.0,GrassNormal,,
452,854.0,140.0,105.0,8.0,100.0,0,RoseradeRiolu,160.0,145.0,150.0,790.0,GrassFighting,,
453,856.0,235.0,110.0,8.0,137.0,0,CranidosLucario,145.0,100.0,148.0,962.0,RockFighting,,
454,858.0,237.0,138.0,8.0,165.0,0,RampardosHippopotas,103.0,92.0,90.0,972.0,RockGround,,
455,860.0,154.0,236.0,8.0,138.0,0,ShieldonHippowdon,110.0,160.0,77.0,952.0,RockGround,,
456,862.0,102.0,258.0,8.0,100.0,0,BastiodonSkorupi,77.0,193.0,95.0,832.0,RockPoison,SteelBug,
457,864.0,119.0,155.0,8.0,110.0,0,BurmyDrapion,89.0,120.0,131.0,712.0,BugPoison,,
458,866.0,120.0,125.0,8.0,108.0,0,WormadamPlant CloakCroagunk,140.0,145.0,86.0,758.0,BugPoison,GrassFighting,
459,867.0,185.0,170.0,8.0,143.0,0,WormadamSandy CloakToxicroak,145.0,150.0,121.0,978.0,BugPoison,GroundFighting,
460,868.0,169.0,167.0,8.0,134.0,0,WormadamTrash CloakCarnivine,159.0,167.0,82.0,965.0,BugGrass,,
461,870.0,143.0,106.0,8.0,119.0,0,MothimFinneon,143.0,111.0,132.0,765.0,BugWater,,
462,872.0,99.0,118.0,8.0,99.0,0,CombeeLumineon,99.0,128.0,161.0,642.0,BugWater,,
463,874.0,100.0,152.0,8.0,115.0,0,VespiquenMantyke,140.0,222.0,90.0,829.0,BugWater,FlyingFlying,
464,876.0,107.0,120.0,8.0,120.0,0,PachirisuSnover,107.0,150.0,135.0,711.0,ElectricGrass,,
465,878.0,157.0,110.0,8.0,145.0,0,BuizelAbomasnow,152.0,115.0,145.0,836.0,WaterGrass,,
466,880.0,225.0,120.0,8.0,155.0,0,FloatzelWeavile,130.0,135.0,240.0,990.0,WaterDark,,
467,882.0,105.0,160.0,8.0,115.0,0,CherubiMagnezone,192.0,143.0,95.0,820.0,GrassElectric,,
468,884.0,145.0,165.0,8.0,180.0,0,CherrimLickilicky,167.0,173.0,135.0,975.0,GrassNormal,,
469,886.0,188.0,178.0,8.0,191.0,0,ShellosRhyperior,112.0,117.0,74.0,974.0,WaterGround,,
470,888.0,183.0,193.0,8.0,211.0,0,GastrodonTangrowth,202.0,132.0,89.0,1104.0,WaterGrass,,
471,890.0,223.0,133.0,8.0,150.0,0,AmbipomElectivire,155.0,151.0,210.0,1035.0,NormalElectric,,
472,892.0,145.0,101.0,8.0,165.0,0,DrifloonMagmortar,185.0,139.0,153.0,880.0,GhostFire,,
473,894.0,130.0,139.0,8.0,235.0,0,DrifblimTogekiss,210.0,169.0,160.0,1013.0,GhostFairy,FlyingFlying,
474,896.0,142.0,130.0,8.0,141.0,0,BunearyYanmega,160.0,112.0,180.0,827.0,NormalBug,,
475,898.0,186.0,214.0,8.0,130.0,0,LopunnyLeafeon,114.0,161.0,200.0,991.0,NormalGrass,,
476,899.0,196.0,204.0,8.0,130.0,0,LopunnyMega LopunnyGlaceon,184.0,191.0,200.0,1101.0,NormalIce,,
477,901.0,155.0,185.0,8.0,135.0,0,MismagiusGliscor,150.0,180.0,200.0,960.0,GhostGround,,
478,903.0,255.0,132.0,8.0,210.0,0,HonchkrowMamoswine,175.0,112.0,151.0,1139.0,DarkIce,FlyingGround,
479,905.0,135.0,112.0,8.0,134.0,0,GlameowPorygon-Z,177.0,112.0,175.0,805.0,NormalNormal,,
480,907.0,207.0,129.0,8.0,139.0,0,PuruglyGallade,129.0,174.0,192.0,985.0,NormalPsychic,,
481,909.0,85.0,195.0,8.0,105.0,0,ChinglingProbopass,140.0,200.0,85.0,810.0,PsychicRock,,
482,911.0,163.0,182.0,8.0,108.0,0,StunkyDusknoir,106.0,176.0,119.0,898.0,PoisonGhost,,
483,913.0,173.0,137.0,8.0,173.0,0,SkuntankFroslass,151.0,131.0,194.0,938.0,PoisonIce,DarkGhost,
484,915.0,74.0,163.0,8.0,107.0,0,BronzorRotom,119.0,163.0,114.0,700.0,SteelElectric,PsychicGhost,
485,916.0,154.0,223.0,8.0,117.0,0,BronzongRotomHeat Rotom,184.0,223.0,119.0,1055.0,SteelElectric,PsychicFire,
486,917.0,145.0,202.0,8.0,100.0,0,BonslyRotomWash Rotom,115.0,152.0,96.0,859.0,RockElectric,,
487,918.0,90.0,152.0,8.0,70.0,0,Mime Jr.RotomFrost Rotom,175.0,197.0,146.0,774.0,PsychicElectric,FairyIce,
488,919.0,70.0,112.0,8.0,150.0,0,HappinyRotomFan Rotom,120.0,172.0,116.0,694.0,NormalElectric,,
489,920.0,130.0,152.0,8.0,126.0,0,ChatotRotomMow Rotom,197.0,149.0,177.0,884.0,NormalElectric,FlyingGrass,
490,922.0,167.0,238.0,8.0,125.0,1,SpiritombUxie,167.0,238.0,130.0,1102.0,GhostPsychic,,
491,924.0,175.0,150.0,8.0,138.0,1,GibleMesprit,145.0,150.0,122.0,933.0,DragonPsychic,,
492,926.0,215.0,135.0,8.0,143.0,1,GabiteAzelf,175.0,125.0,197.0,1008.0,DragonPsychic,,
493,928.0,250.0,215.0,8.0,208.0,1,GarchompDialga,230.0,185.0,192.0,1338.0,DragonSteel,GroundDragon,
494,929.0,290.0,215.0,8.0,198.0,1,GarchompMega GarchompPalkia,270.0,215.0,192.0,1478.0,DragonWater,GroundDragon,
495,931.0,175.0,146.0,8.0,226.0,1,MunchlaxHeatran,170.0,191.0,82.0,1083.0,NormalFire,,
496,933.0,230.0,150.0,8.0,150.0,1,RioluRegigigas,115.0,150.0,160.0,1025.0,FightingNormal,,
497,935.0,210.0,190.0,8.0,220.0,1,LucarioGiratinaAltered Forme,215.0,190.0,180.0,1235.0,FightingGhost,SteelDragon,
498,935.0,265.0,188.0,8.0,220.0,1,LucarioMega LucarioGiratinaOrigin Forme,260.0,170.0,202.0,1368.0,FightingGhost,SteelDragon,
499,937.0,142.0,198.0,8.0,188.0,0,HippopotasCresselia,113.0,172.0,117.0,955.0,GroundPsychic,,
500,939.0,192.0,198.0,8.0,188.0,0,HippowdonPhione,148.0,152.0,127.0,1070.0,GroundWater,,
501,941.0,150.0,190.0,8.0,140.0,0,SkorupiManaphy,130.0,155.0,165.0,915.0,PoisonWater,,
502,943.0,180.0,200.0,8.0,140.0,1,DrapionDarkrai,195.0,165.0,220.0,1060.0,PoisonDark,,
503,945.0,161.0,140.0,8.0,148.0,1,CroagunkShayminLand Forme,161.0,140.0,150.0,911.0,PoisonGrass,,
504,946.0,209.0,140.0,8.0,183.0,1,ToxicroakShayminSky Forme,206.0,140.0,212.0,1087.0,PoisonGrass,FightingFlying,
505,948.0,220.0,192.0,8.0,194.0,1,CarnivineArceus,210.0,192.0,166.0,1228.0,GrassNormal,,
506,950.0,149.0,156.0,9.0,149.0,1,FinneonVictini,149.0,161.0,166.0,913.0,WaterPsychic,,
507,952.0,114.0,131.0,9.0,114.0,0,LumineonSnivy,114.0,141.0,154.0,728.0,WaterGrass,,
508,954.0,80.0,125.0,9.0,105.0,0,MantykeServine,120.0,195.0,133.0,705.0,WaterGrass,,
509,956.0,137.0,145.0,9.0,135.0,0,SnoverSerperior,137.0,155.0,153.0,846.0,GrassGrass,,
510,958.0,155.0,120.0,9.0,155.0,0,AbomasnowTepig,137.0,130.0,105.0,852.0,GrassFire,,
511,959.0,225.0,160.0,9.0,180.0,0,AbomasnowMega AbomasnowPignite,202.0,160.0,85.0,1152.0,GrassFire,IceFighting,
512,961.0,243.0,130.0,9.0,180.0,0,WeavileEmboar,145.0,150.0,190.0,1091.0,DarkFire,IceFighting,
513,963.0,125.0,160.0,9.0,125.0,0,MagnezoneOshawott,193.0,135.0,105.0,863.0,ElectricWater,,
514,965.0,160.0,155.0,9.0,185.0,0,LickilickyDewott,163.0,155.0,110.0,978.0,NormalWater,,
515,967.0,240.0,215.0,9.0,210.0,0,RhyperiorSamurott,163.0,125.0,110.0,1193.0,GroundWater,,
516,969.0,155.0,164.0,9.0,145.0,0,TangrowthPatrat,145.0,89.0,92.0,853.0,GrassNormal,,
517,971.0,208.0,136.0,9.0,135.0,0,ElectivireWatchog,155.0,154.0,172.0,996.0,ElectricNormal,,
518,973.0,155.0,112.0,9.0,120.0,0,MagmortarLillipup,150.0,140.0,138.0,832.0,FireNormal,,
519,975.0,130.0,160.0,9.0,150.0,0,TogekissHerdier,155.0,180.0,140.0,905.0,FairyNormal,,
520,977.0,186.0,176.0,9.0,171.0,0,YanmegaStoutland,161.0,146.0,175.0,1026.0,BugNormal,,
521,979.0,160.0,167.0,9.0,106.0,0,LeafeonPurrloin,110.0,102.0,161.0,805.0,GrassDark,,
522,981.0,148.0,160.0,9.0,129.0,0,GlaceonLiepard,218.0,145.0,171.0,948.0,IceDark,,
523,983.0,148.0,173.0,9.0,125.0,0,GliscorPansage,98.0,123.0,159.0,815.0,GroundGrass,,
524,985.0,228.0,143.0,9.0,185.0,0,MamoswineSimisage,168.0,123.0,181.0,1075.0,IceGrass,,
525,987.0,133.0,118.0,9.0,135.0,0,Porygon-ZPansear,188.0,123.0,154.0,830.0,NormalFire,,
526,989.0,223.0,128.0,9.0,143.0,0,GalladeSimisear,163.0,178.0,181.0,1058.0,PsychicFire,,
527,990.0,218.0,143.0,9.0,118.0,0,GalladeMega GalladePanpour,118.0,163.0,174.0,978.0,PsychicWater,,
528,992.0,153.0,208.0,9.0,135.0,0,ProbopassSimipour,173.0,213.0,141.0,1035.0,RockWater,,
529,994.0,125.0,180.0,9.0,121.0,0,DusknoirMunna,132.0,190.0,69.0,873.0,GhostPsychic,,
530,996.0,135.0,155.0,9.0,186.0,0,FroslassMusharna,187.0,165.0,139.0,963.0,IcePsychic,,
531,998.0,105.0,127.0,9.0,100.0,0,RotomPidove,131.0,107.0,134.0,675.0,ElectricNormal,GhostFlying,
532,999.0,142.0,169.0,9.0,112.0,0,RotomHeat RotomTranquill,155.0,149.0,151.0,869.0,ElectricNormal,FireFlying,
533,1000.0,180.0,187.0,9.0,130.0,0,RotomWash RotomUnfezant,170.0,162.0,179.0,1009.0,ElectricNormal,WaterFlying,
534,1001.0,125.0,139.0,9.0,95.0,0,RotomFrost RotomBlitzle,155.0,139.0,162.0,778.0,ElectricElectric,,
535,1002.0,165.0,170.0,9.0,125.0,0,RotomFan RotomZebstrika,185.0,170.0,202.0,980.0,ElectricElectric,,
536,1003.0,140.0,192.0,9.0,105.0,0,RotomMow RotomRoggenrola,130.0,132.0,101.0,839.0,ElectricRock,,
537,1005.0,180.0,235.0,9.0,145.0,1,UxieBoldore,125.0,170.0,115.0,1035.0,PsychicRock,,
538,1007.0,240.0,235.0,9.0,165.0,1,MespritGigalith,165.0,185.0,105.0,1230.0,PsychicRock,,
539,1009.0,170.0,113.0,9.0,130.0,1,AzelfWoobat,180.0,113.0,187.0,876.0,PsychicPsychic,,
540,1011.0,177.0,175.0,9.0,167.0,1,DialgaSwoobat,227.0,155.0,204.0,1078.0,SteelPsychic,DragonFlying,
541,1013.0,205.0,140.0,9.0,150.0,1,PalkiaDrilbur,180.0,165.0,168.0,1045.0,WaterGround,,
542,1015.0,225.0,166.0,9.0,201.0,1,HeatranExcadrill,180.0,171.0,165.0,1168.0,FireGround,SteelSteel,
543,1017.0,220.0,196.0,9.0,213.0,1,RegigigasAudino,140.0,196.0,150.0,1185.0,NormalNormal,,
544,1019.0,180.0,175.0,9.0,225.0,1,GiratinaAltered FormeTimburr,125.0,155.0,125.0,1040.0,GhostFighting,,
545,1020.0,225.0,185.0,9.0,235.0,1,GiratinaOrigin FormeGurdurr,160.0,150.0,130.0,1180.0,GhostFighting,,
546,1022.0,210.0,215.0,9.0,225.0,0,CresseliaConkeldurr,130.0,195.0,130.0,1185.0,PsychicFighting,,
547,1024.0,130.0,120.0,9.0,130.0,0,PhioneTympole,130.0,120.0,144.0,760.0,WaterWater,,
548,1026.0,165.0,155.0,9.0,175.0,0,ManaphyPalpitoad,165.0,155.0,169.0,980.0,WaterWater,,
549,1028.0,185.0,165.0,9.0,175.0,1,DarkraiSeismitoad,220.0,165.0,199.0,1095.0,DarkWater,,
550,1030.0,200.0,185.0,9.0,220.0,1,ShayminLand FormeThroh,130.0,185.0,145.0,1120.0,GrassFighting,,
551,1031.0,228.0,150.0,9.0,175.0,1,ShayminSky FormeSawk,150.0,150.0,212.0,1081.0,GrassFighting,,
552,1033.0,173.0,190.0,9.0,165.0,1,ArceusSewaddle,160.0,180.0,162.0,1041.0,NormalBug,,
553,1035.0,163.0,190.0,10.0,155.0,1,VictiniSwadloon,150.0,180.0,142.0,1001.0,PsychicBug,FireGrass,
554,1037.0,148.0,135.0,10.0,120.0,0,SnivyLeavanny,115.0,135.0,155.0,801.0,GrassBug,,
555,1039.0,105.0,134.0,10.0,90.0,0,ServineVenipede,90.0,114.0,140.0,638.0,GrassBug,,
556,1041.0,130.0,194.0,10.0,115.0,0,SerperiorWhirlipede,115.0,174.0,160.0,858.0,GrassBug,,
557,1043.0,163.0,134.0,10.0,125.0,0,TepigScolipede,100.0,114.0,157.0,799.0,FireBug,,
558,1045.0,120.0,115.0,10.0,130.0,0,PigniteCottonee,107.0,105.0,121.0,697.0,FireGrass,FightingFairy,
559,1047.0,190.0,150.0,10.0,170.0,0,EmboarWhimsicott,177.0,140.0,181.0,1017.0,FireGrass,FightingFairy,
560,1049.0,90.0,95.0,10.0,100.0,0,OshawottPetilil,133.0,95.0,75.0,603.0,WaterGrass,,
561,1051.0,135.0,135.0,10.0,145.0,0,DewottLilligant,193.0,135.0,150.0,878.0,WaterGrass,,
562,1053.0,192.0,150.0,10.0,165.0,0,SamurottBasculin,188.0,125.0,168.0,1012.0,WaterWater,,
563,1055.0,127.0,74.0,10.0,95.0,0,PatratSandile,70.0,74.0,107.0,567.0,NormalGround,,
564,1057.0,167.0,114.0,10.0,120.0,0,WatchogKrokorok,105.0,114.0,151.0,787.0,NormalGround,,
565,1059.0,177.0,125.0,10.0,140.0,0,LillipupKrookodile,90.0,115.0,147.0,824.0,NormalGround,,
566,1061.0,170.0,110.0,10.0,135.0,0,HerdierDarumaka,50.0,110.0,110.0,745.0,NormalFire,,
567,1063.0,250.0,145.0,10.0,190.0,0,StoutlandDarmanitanStandard Mode,75.0,145.0,175.0,1055.0,NormalFire,,
568,1064.0,80.0,142.0,10.0,146.0,0,PurrloinDarmanitanZen Mode,190.0,142.0,121.0,780.0,DarkFire,,
569,1066.0,174.0,117.0,10.0,139.0,0,LiepardMaractus,194.0,117.0,166.0,915.0,DarkGrass,,
570,1068.0,118.0,133.0,10.0,100.0,0,PansageDwebble,88.0,83.0,119.0,640.0,GrassBug,,
571,1070.0,193.0,188.0,10.0,145.0,0,SimisageCrustle,163.0,138.0,146.0,1020.0,GrassBug,,
572,1072.0,128.0,118.0,10.0,100.0,0,PansearScraggy,88.0,118.0,112.0,680.0,FireDark,,
573,1074.0,188.0,178.0,10.0,140.0,0,SimisearScrafty,143.0,178.0,159.0,1015.0,FireDark,,
574,1076.0,111.0,128.0,10.0,122.0,0,PanpourSigilyph,156.0,128.0,161.0,756.0,WaterPsychic,,
575,1078.0,128.0,148.0,10.0,113.0,0,SimipourYamask,153.0,128.0,131.0,798.0,WaterGhost,,
576,1080.0,75.0,190.0,10.0,134.0,0,MunnaCofagrigus,162.0,160.0,54.0,796.0,PsychicGhost,,
577,1082.0,133.0,188.0,10.0,170.0,0,MusharnaTirtouga,160.0,140.0,51.0,924.0,PsychicWater,,
578,1084.0,163.0,183.0,10.0,124.0,0,PidoveCarracosta,119.0,95.0,75.0,847.0,NormalWater,FlyingRock,
579,1086.0,189.0,107.0,10.0,117.0,0,TranquillArchen,124.0,87.0,135.0,813.0,NormalRock,FlyingFlying,
580,1088.0,255.0,145.0,10.0,155.0,0,UnfezantArcheops,177.0,120.0,203.0,1107.0,NormalRock,FlyingFlying,
581,1090.0,110.0,94.0,10.0,95.0,0,BlitzleTrubbish,90.0,94.0,141.0,593.0,ElectricPoison,,
582,1092.0,195.0,145.0,10.0,155.0,0,ZebstrikaGarbodor,140.0,145.0,191.0,975.0,ElectricPoison,,
583,1094.0,140.0,125.0,10.0,95.0,0,RoggenrolaZorua,105.0,65.0,80.0,670.0,RockDark,,
584,1096.0,210.0,165.0,10.0,130.0,0,BoldoreZoroark,170.0,100.0,125.0,985.0,RockDark,,
585,1098.0,185.0,170.0,10.0,140.0,0,GigalithMinccino,100.0,120.0,100.0,900.0,RockNormal,,
586,1100.0,140.0,103.0,10.0,130.0,0,WoobatCinccino,120.0,103.0,187.0,736.0,PsychicNormal,,
587,1102.0,87.0,105.0,10.0,112.0,0,SwoobatGothita,132.0,120.0,159.0,643.0,PsychicPsychic,,
588,1104.0,130.0,110.0,10.0,120.0,0,DrilburGothorita,105.0,130.0,123.0,725.0,GroundPsychic,,
589,1106.0,190.0,155.0,10.0,180.0,0,ExcadrillGothitelle,145.0,175.0,153.0,1035.0,GroundPsychic,,
590,1108.0,90.0,126.0,10.0,148.0,0,AudinoSolosis,165.0,136.0,70.0,755.0,NormalPsychic,,
591,1109.0,100.0,176.0,10.0,168.0,0,AudinoMega AudinoDuosion,205.0,186.0,80.0,935.0,NormalPsychic,,
592,1111.0,145.0,130.0,10.0,185.0,0,TimburrReuniclus,150.0,120.0,65.0,875.0,FightingPsychic,,
593,1113.0,149.0,135.0,10.0,147.0,0,GurdurrDucklett,84.0,100.0,95.0,764.0,FightingWater,,
594,1115.0,227.0,158.0,10.0,180.0,0,ConkeldurrSwanna,142.0,128.0,143.0,1062.0,FightingWater,,
595,1117.0,100.0,90.0,10.0,86.0,0,TympoleVanillite,115.0,100.0,108.0,591.0,WaterIce,,
596,1119.0,130.0,120.0,10.0,126.0,0,PalpitoadVanillish,145.0,130.0,128.0,781.0,WaterIce,,
597,1121.0,190.0,160.0,10.0,176.0,0,SeismitoadVanilluxe,195.0,170.0,153.0,1081.0,WaterIce,,
598,1123.0,160.0,135.0,10.0,180.0,0,ThrohDeerling,70.0,135.0,120.0,840.0,FightingNormal,,
599,1125.0,225.0,145.0,10.0,155.0,0,SawkSawsbuck,90.0,145.0,180.0,985.0,FightingNormal,,
600,1127.0,128.0,130.0,10.0,100.0,0,SewaddleEmolga,115.0,120.0,145.0,721.0,BugElectric,GrassFlying,
601,1129.0,138.0,135.0,10.0,105.0,0,SwadloonKarrablast,90.0,125.0,102.0,731.0,BugBug,,
602,1131.0,238.0,185.0,10.0,145.0,0,LeavannyEscavalier,130.0,185.0,112.0,1121.0,BugBug,GrassSteel,
603,1133.0,100.0,104.0,10.0,99.0,0,VenipedeFoongus,85.0,94.0,72.0,582.0,BugGrass,PoisonPoison,
604,1135.0,140.0,169.0,10.0,154.0,0,WhirlipedeAmoonguss,125.0,159.0,77.0,887.0,BugGrass,PoisonPoison,
605,1137.0,140.0,139.0,10.0,115.0,0,ScolipedeFrillish,120.0,154.0,152.0,808.0,BugWater,PoisonGhost,
606,1139.0,87.0,130.0,10.0,140.0,0,CottoneeJellicent,122.0,155.0,126.0,721.0,GrassWater,FairyGhost,
607,1141.0,142.0,165.0,10.0,225.0,0,WhimsicottAlomomola,117.0,120.0,181.0,911.0,GrassWater,,
608,1143.0,82.0,100.0,10.0,95.0,0,PetililJoltik,127.0,100.0,95.0,586.0,GrassBug,,
609,1145.0,137.0,135.0,10.0,140.0,0,LilligantGalvantula,207.0,135.0,198.0,891.0,GrassBug,,
610,1147.0,142.0,156.0,10.0,114.0,0,BasculinFerroseed,104.0,141.0,108.0,799.0,WaterGrass,,
611,1149.0,166.0,166.0,10.0,124.0,0,SandileFerrothorn,89.0,151.0,85.0,862.0,GroundGrass,DarkSteel,
612,1151.0,137.0,115.0,10.0,100.0,0,KrokorokKlink,90.0,105.0,104.0,684.0,GroundSteel,,
613,1153.0,197.0,175.0,10.0,155.0,0,KrookodileKlang,135.0,155.0,142.0,1014.0,GroundSteel,,
614,1155.0,190.0,160.0,10.0,130.0,0,DarumakaKlinklang,85.0,130.0,140.0,885.0,FireSteel,,
615,1157.0,195.0,95.0,10.0,140.0,0,DarmanitanStandard ModeTynamo,75.0,95.0,155.0,795.0,FireElectric,,
616,1158.0,115.0,175.0,10.0,170.0,0,DarmanitanZen ModeEelektrik,215.0,175.0,95.0,965.0,FireElectric,,
617,1160.0,201.0,147.0,10.0,160.0,0,MaractusEelektross,211.0,147.0,110.0,1067.0,GrassElectric,,
618,1162.0,120.0,140.0,10.0,105.0,0,DwebbleElgyem,120.0,90.0,85.0,695.0,BugPsychic,,
619,1164.0,170.0,200.0,10.0,145.0,0,CrustleBeheeyem,190.0,170.0,85.0,1045.0,BugPsychic,,
620,1166.0,105.0,125.0,10.0,100.0,0,ScraggyLitwick,100.0,125.0,68.0,660.0,DarkGhost,FightingFire,
621,1168.0,130.0,175.0,10.0,125.0,0,ScraftyLampent,140.0,175.0,113.0,875.0,DarkGhost,FightingFire,
622,1170.0,113.0,170.0,10.0,132.0,0,SigilyphChandelure,248.0,170.0,177.0,946.0,PsychicGhost,FlyingFire,
623,1172.0,117.0,145.0,10.0,84.0,0,YamaskAxew,85.0,105.0,87.0,653.0,GhostDragon,,
624,1174.0,167.0,215.0,10.0,124.0,0,CofagrigusFraxure,135.0,155.0,97.0,963.0,GhostDragon,,
625,1176.0,225.0,193.0,10.0,130.0,0,TirtougaHaxorus,113.0,115.0,119.0,1001.0,WaterDragon,,
626,1178.0,178.0,173.0,10.0,129.0,0,CarracostaCubchoo,143.0,105.0,72.0,906.0,WaterIce,,
627,1180.0,222.0,125.0,10.0,150.0,0,ArchenBeartic,144.0,125.0,120.0,988.0,RockIce,,
628,1182.0,190.0,95.0,10.0,145.0,0,ArcheopsCryogonal,207.0,200.0,215.0,1027.0,RockIce,,
629,1184.0,90.0,147.0,10.0,100.0,0,TrubbishShelmet,80.0,127.0,90.0,634.0,PoisonBug,,
630,1186.0,165.0,122.0,10.0,160.0,0,GarbodorAccelgor,160.0,142.0,220.0,914.0,PoisonBug,,
631,1188.0,131.0,124.0,10.0,149.0,0,ZoruaStunfisk,161.0,139.0,97.0,835.0,DarkGround,,
632,1190.0,190.0,110.0,10.0,105.0,0,ZoroarkMienfoo,175.0,110.0,170.0,880.0,DarkFighting,,
633,1192.0,175.0,100.0,10.0,120.0,0,MinccinoMienshao,135.0,100.0,180.0,805.0,NormalFighting,,
634,1194.0,215.0,150.0,10.0,152.0,0,CinccinoDruddigon,125.0,150.0,163.0,1007.0,NormalDragon,,
635,1196.0,104.0,100.0,10.0,104.0,0,GothitaGolett,90.0,115.0,80.0,617.0,PsychicGround,,
636,1198.0,169.0,150.0,10.0,149.0,0,GothoritaGolurk,130.0,165.0,110.0,932.0,PsychicGround,,
637,1200.0,140.0,165.0,10.0,115.0,0,GothitellePawniard,135.0,150.0,125.0,845.0,PsychicDark,,
638,1202.0,155.0,140.0,10.0,110.0,0,SolosisBisharp,165.0,120.0,90.0,845.0,PsychicDark,,
639,1204.0,150.0,145.0,10.0,160.0,0,DuosionBouffalant,165.0,155.0,85.0,925.0,PsychicNormal,,
640,1206.0,148.0,125.0,10.0,180.0,0,ReuniclusRufflet,162.0,135.0,90.0,898.0,PsychicNormal,,
641,1208.0,167.0,125.0,10.0,162.0,0,DucklettBraviary,101.0,125.0,135.0,847.0,WaterNormal,FlyingFlying,
642,1210.0,142.0,138.0,10.0,145.0,0,SwannaVullaby,132.0,128.0,158.0,827.0,WaterDark,FlyingFlying,
643,1212.0,115.0,155.0,10.0,146.0,0,VanilliteMandibuzz,120.0,155.0,124.0,806.0,IceDark,,
644,1214.0,162.0,131.0,10.0,136.0,0,VanillishHeatmor,185.0,141.0,124.0,917.0,IceFire,,
645,1216.0,204.0,197.0,10.0,129.0,0,VanilluxeDurant,158.0,143.0,188.0,1035.0,IceBug,,
646,1218.0,125.0,100.0,10.0,112.0,0,DeerlingDeino,85.0,100.0,113.0,647.0,NormalDark,GrassDragon,
647,1220.0,185.0,140.0,10.0,152.0,0,SawsbuckZweilous,125.0,140.0,153.0,927.0,NormalDark,GrassDragon,
648,1222.0,180.0,150.0,10.0,147.0,0,EmolgaHydreigon,200.0,150.0,201.0,1007.0,ElectricDark,FlyingDragon,
649,1224.0,160.0,100.0,10.0,105.0,0,KarrablastLarvesta,90.0,100.0,120.0,715.0,BugBug,,
650,1226.0,195.0,170.0,10.0,155.0,0,EscavalierVolcarona,195.0,210.0,120.0,1120.0,BugBug,SteelFire,
651,1228.0,145.0,174.0,10.0,160.0,1,FoongusCobalion,145.0,127.0,123.0,896.0,GrassSteel,PoisonFighting,
652,1230.0,214.0,160.0,10.0,205.0,1,AmoongussTerrakion,157.0,170.0,138.0,1120.0,GrassRock,PoisonFighting,
653,1232.0,130.0,122.0,10.0,146.0,1,FrillishVirizion,155.0,214.0,148.0,897.0,WaterGrass,GhostFighting,
654,1234.0,175.0,140.0,10.0,179.0,1,JellicentTornadusIncarnate Forme,210.0,185.0,171.0,1064.0,WaterFlying,,
655,1235.0,175.0,160.0,10.0,244.0,1,AlomomolaTornadusTherian Forme,150.0,135.0,186.0,1039.0,WaterFlying,,
656,1237.0,162.0,120.0,10.0,129.0,1,JoltikThundurusIncarnate Forme,182.0,130.0,176.0,885.0,BugElectric,ElectricFlying,
657,1238.0,182.0,130.0,10.0,149.0,1,GalvantulaThundurusTherian Forme,242.0,140.0,209.0,1025.0,BugElectric,ElectricFlying,
658,1240.0,170.0,191.0,10.0,144.0,1,FerroseedReshiram,174.0,206.0,100.0,1055.0,GrassDragon,SteelFire,
659,1242.0,244.0,251.0,10.0,174.0,1,FerrothornZekrom,174.0,216.0,110.0,1303.0,GrassDragon,SteelElectric,
660,1244.0,180.0,160.0,10.0,129.0,1,KlinkLandorusIncarnate Forme,160.0,140.0,131.0,949.0,SteelGround,,
661,1245.0,225.0,185.0,10.0,149.0,1,KlangLandorusTherian Forme,175.0,165.0,141.0,1124.0,SteelGround,,
662,1247.0,230.0,205.0,10.0,185.0,1,KlinklangKyurem,200.0,175.0,185.0,1225.0,SteelDragon,,
663,1248.0,225.0,140.0,10.0,160.0,1,TynamoKyuremBlack Kyurem,165.0,130.0,155.0,1045.0,ElectricDragon,,
664,1249.0,205.0,160.0,10.0,190.0,1,EelektrikKyuremWhite Kyurem,245.0,170.0,135.0,1175.0,ElectricDragon,,
665,1251.0,187.0,170.0,10.0,176.0,0,EelektrossKeldeoOrdinary Forme,234.0,170.0,158.0,1124.0,ElectricWater,,
666,1252.0,127.0,145.0,10.0,146.0,0,ElgyemKeldeoResolute Forme,214.0,145.0,138.0,904.0,PsychicWater,,
667,1254.0,152.0,152.0,10.0,175.0,0,BeheeyemMeloettaAria Forme,253.0,223.0,130.0,1107.0,PsychicNormal,,
668,1255.0,158.0,145.0,10.0,150.0,0,LitwickMeloettaPirouette Forme,142.0,132.0,148.0,885.0,GhostNormal,FireFighting,
669,1257.0,160.0,155.0,10.0,131.0,0,LampentGenesect,215.0,155.0,154.0,976.0,GhostBug,FireSteel,
670,1259.0,116.0,155.0,11.0,116.0,0,ChandelureChespin,193.0,135.0,118.0,831.0,GhostGrass,,
671,1261.0,165.0,155.0,11.0,107.0,0,AxewQuilladin,86.0,98.0,114.0,776.0,DragonGrass,,
672,1263.0,224.0,192.0,11.0,154.0,0,FraxureChesnaught,114.0,125.0,131.0,1033.0,DragonGrass,,
673,1265.0,192.0,130.0,11.0,116.0,0,HaxorusFennekin,122.0,130.0,157.0,882.0,DragonFire,,
674,1267.0,129.0,98.0,11.0,114.0,0,CubchooBraixen,150.0,110.0,113.0,730.0,IceFire,,
675,1269.0,179.0,152.0,11.0,170.0,0,BearticDelphox,184.0,180.0,154.0,1044.0,IceFire,,
676,1271.0,106.0,70.0,11.0,111.0,0,CryogonalFroakie,157.0,179.0,176.0,729.0,IceWater,,
677,1273.0,103.0,137.0,11.0,104.0,0,ShelmetFrogadier,123.0,121.0,122.0,691.0,BugWater,,
678,1275.0,165.0,107.0,11.0,152.0,0,AccelgorGreninja,203.0,131.0,267.0,923.0,BugWater,,
679,1277.0,102.0,122.0,11.0,147.0,0,StunfiskBunnelby,113.0,135.0,89.0,721.0,GroundNormal,,
680,1279.0,141.0,127.0,11.0,130.0,0,MienfooDiggersby,105.0,127.0,143.0,771.0,FightingNormal,,
681,1281.0,175.0,103.0,11.0,110.0,0,MienshaoFletchling,135.0,98.0,167.0,796.0,FightingNormal,,
682,1283.0,193.0,145.0,11.0,139.0,0,DruddigonFletchinder,116.0,142.0,132.0,928.0,DragonFire,,
683,1285.0,155.0,121.0,11.0,137.0,0,GolettTalonflame,109.0,119.0,161.0,796.0,GroundFire,GhostFlying,
684,1287.0,159.0,120.0,11.0,127.0,0,GolurkScatterbug,82.0,105.0,90.0,752.0,GroundBug,,
685,1289.0,107.0,130.0,11.0,90.0,0,PawniardSpewpa,67.0,70.0,89.0,571.0,DarkBug,,
686,1291.0,177.0,150.0,11.0,145.0,0,BisharpVivillon,150.0,120.0,159.0,919.0,DarkBug,SteelFlying,
687,1293.0,160.0,153.0,11.0,157.0,0,BouffalantLitleo,113.0,149.0,127.0,892.0,NormalFire,,
688,1295.0,151.0,122.0,11.0,156.0,0,RuffletPyroar,146.0,116.0,166.0,842.0,NormalFire,FlyingNormal,
689,1297.0,161.0,114.0,11.0,144.0,0,BraviaryFlabb,118.0,154.0,122.0,852.0,NormalFairy,,
690,1299.0,100.0,122.0,11.0,124.0,0,VullabyFloette,120.0,163.0,112.0,729.0,DarkFairy,,
691,1301.0,130.0,173.0,11.0,188.0,0,MandibuzzFlorges,167.0,249.0,155.0,1037.0,DarkFairy,,
692,1303.0,162.0,114.0,11.0,151.0,0,HeatmorSkiddo,167.0,123.0,117.0,879.0,FireGrass,,
693,1305.0,209.0,174.0,11.0,181.0,0,DurantGogoat,145.0,129.0,177.0,1047.0,BugGrass,,
694,1307.0,147.0,112.0,11.0,119.0,0,DeinoPancham,91.0,98.0,81.0,714.0,DarkFighting,,
695,1309.0,209.0,148.0,11.0,167.0,0,ZweilousPangoro,134.0,141.0,116.0,1008.0,DarkFighting,DragonDark,
696,1311.0,185.0,150.0,11.0,167.0,0,HydreigonFurfrou,190.0,180.0,200.0,1057.0,DarkNormal,,
697,1313.0,133.0,109.0,11.0,117.0,0,LarvestaEspurr,113.0,115.0,128.0,720.0,BugPsychic,,
698,1315.0,108.0,141.0,11.0,159.0,0,VolcaronaMeowsticMale,218.0,186.0,204.0,920.0,BugPsychic,,
699,1316.0,138.0,205.0,11.0,165.0,1,CobalionMeowsticFemale,173.0,153.0,212.0,972.0,SteelPsychic,,
700,1318.0,209.0,190.0,11.0,136.0,1,TerrakionHonedge,107.0,127.0,136.0,978.0,RockSteel,FightingGhost,
701,1320.0,200.0,222.0,11.0,150.0,1,VirizionDoublade,135.0,178.0,143.0,1085.0,GrassSteel,FightingGhost,
702,1322.0,265.0,120.0,11.0,139.0,1,TornadusIncarnate FormeAegislashBlade Forme,275.0,130.0,171.0,1194.0,FlyingSteel,,
703,1322.0,150.0,230.0,11.0,139.0,1,TornadusTherian FormeAegislashShield Forme,160.0,240.0,181.0,1069.0,FlyingSteel,,
704,1324.0,167.0,130.0,11.0,157.0,1,ThundurusIncarnate FormeSpritzee,188.0,145.0,134.0,954.0,ElectricFairy,,
705,1325.0,177.0,142.0,11.0,180.0,1,ThundurusTherian FormeAromatisse,244.0,169.0,130.0,1089.0,ElectricFairy,,
706,1327.0,168.0,166.0,11.0,162.0,1,ReshiramSwirlix,209.0,177.0,139.0,1050.0,DragonFairy,,
707,1329.0,230.0,206.0,11.0,182.0,1,ZekromSlurpuff,205.0,175.0,162.0,1228.0,DragonFairy,,
708,1331.0,179.0,143.0,11.0,142.0,1,LandorusIncarnate FormeInkay,152.0,126.0,146.0,921.0,GroundDark,FlyingPsychic,
709,1332.0,237.0,178.0,11.0,175.0,1,LandorusTherian FormeMalamar,173.0,155.0,164.0,1155.0,GroundDark,FlyingPsychic,
710,1334.0,182.0,157.0,11.0,167.0,1,KyuremBinacle,169.0,146.0,145.0,1003.0,DragonRock,IceWater,
711,1335.0,275.0,215.0,11.0,197.0,1,KyuremBlack KyuremBarbaracle,174.0,176.0,163.0,1312.0,DragonRock,IceWater,
712,1336.0,180.0,150.0,11.0,175.0,1,KyuremWhite KyuremSkrelp,230.0,160.0,125.0,1075.0,DragonPoison,IceWater,
713,1338.0,147.0,180.0,11.0,156.0,0,KeldeoOrdinary FormeDragalge,226.0,213.0,152.0,1069.0,WaterPoison,FightingDragon,
714,1339.0,125.0,152.0,11.0,141.0,0,KeldeoResolute FormeClauncher,187.0,153.0,152.0,883.0,WaterWater,,
715,1341.0,150.0,165.0,11.0,171.0,0,MeloettaAria FormeClawitzer,248.0,217.0,149.0,1101.0,NormalWater,,
716,1342.0,166.0,123.0,11.0,144.0,0,MeloettaPirouette FormeHelioptile,138.0,120.0,198.0,857.0,NormalElectric,FightingNormal,
717,1344.0,175.0,147.0,11.0,133.0,0,GenesectHeliolisk,229.0,189.0,208.0,1048.0,BugElectric,SteelNormal,
718,1346.0,150.0,142.0,12.0,114.0,0,ChespinTyrunt,93.0,90.0,86.0,739.0,GrassRock,,
719,1348.0,199.0,214.0,12.0,143.0,0,QuilladinTyrantrum,125.0,117.0,128.0,997.0,GrassRock,,
720,1350.0,166.0,172.0,12.0,165.0,0,ChesnaughtAmaura,141.0,138.0,110.0,948.0,GrassRock,FightingIce,
721,1352.0,122.0,112.0,12.0,163.0,0,FennekinAurorus,161.0,152.0,118.0,832.0,FireRock,,
722,1354.0,124.0,123.0,12.0,154.0,0,BraixenSylveon,200.0,200.0,133.0,925.0,FireFairy,,
723,1356.0,161.0,147.0,12.0,153.0,0,DelphoxHawlucha,188.0,163.0,222.0,973.0,FireFighting,PsychicFlying,
724,1358.0,114.0,97.0,12.0,108.0,0,FroakieDedenne,143.0,111.0,172.0,687.0,WaterElectric,,
725,1360.0,113.0,202.0,12.0,104.0,0,FrogadierCarbink,133.0,206.0,147.0,871.0,WaterRock,,
726,1362.0,145.0,102.0,12.0,117.0,0,GreninjaGoomy,158.0,146.0,162.0,813.0,WaterDragon,,
727,1364.0,111.0,91.0,12.0,106.0,0,BunnelbySliggoo,115.0,149.0,117.0,683.0,NormalDragon,,
728,1366.0,156.0,147.0,12.0,175.0,0,DiggersbyGoodra,160.0,227.0,158.0,1021.0,NormalDragon,,
729,1368.0,130.0,134.0,12.0,102.0,0,FletchlingKlefki,120.0,125.0,137.0,741.0,NormalSteel,FlyingFairy,
730,1370.0,143.0,103.0,12.0,105.0,0,FletchinderPhantump,106.0,112.0,122.0,712.0,FireGhost,FlyingGrass,
731,1372.0,191.0,147.0,12.0,163.0,0,TalonflameTrevenant,139.0,151.0,182.0,982.0,FireGhost,FlyingGrass,
732,1374.0,101.0,110.0,12.0,87.0,0,ScatterbugPumpkabooAverage Size,71.0,80.0,86.0,550.0,BugGhost,,
733,1375.0,88.0,130.0,12.0,89.0,0,SpewpaPumpkabooSmall Size,71.0,85.0,85.0,551.0,BugGhost,,
734,1376.0,118.0,120.0,12.0,134.0,0,VivillonPumpkabooLarge Size,134.0,105.0,135.0,729.0,BugGhost,FlyingGrass,
735,1377.0,116.0,128.0,12.0,121.0,0,LitleoPumpkabooSuper Size,117.0,109.0,113.0,707.0,FireGhost,NormalGrass,
736,1379.0,158.0,194.0,12.0,151.0,0,PyroarGourgeistAverage Size,167.0,141.0,190.0,969.0,FireGhost,NormalGrass,
737,1380.0,123.0,161.0,12.0,99.0,0,FlabbGourgeistSmall Size,119.0,154.0,141.0,779.0,FairyGhost,,
738,1381.0,140.0,169.0,12.0,129.0,0,FloetteGourgeistLarge Size,133.0,173.0,121.0,884.0,FairyGhost,,
739,1382.0,165.0,190.0,12.0,163.0,0,FlorgesGourgeistSuper Size,170.0,229.0,129.0,1082.0,FairyGhost,,
740,1384.0,134.0,133.0,12.0,121.0,0,SkiddoBergmite,94.0,92.0,80.0,708.0,GrassIce,,
741,1386.0,217.0,246.0,12.0,218.0,0,GogoatAvalugg,141.0,127.0,96.0,1166.0,GrassIce,,
742,1388.0,112.0,97.0,12.0,107.0,0,PanchamNoibat,91.0,88.0,98.0,607.0,FightingFlying,,
743,1390.0,194.0,158.0,12.0,180.0,0,PangoroNoivern,166.0,151.0,181.0,1043.0,FightingFlying,DarkDragon,
744,1392.0,211.0,155.0,12.0,201.0,1,FurfrouXerneas,196.0,188.0,201.0,1162.0,NormalFairy,,
745,1394.0,179.0,149.0,12.0,188.0,1,EspurrYveltal,194.0,158.0,167.0,1047.0,PsychicDark,,
746,1396.0,148.0,197.0,12.0,182.0,1,MeowsticMaleZygarde50% Forme,164.0,176.0,199.0,1015.0,PsychicDragon,,
747,1397.0,148.0,226.0,12.0,124.0,1,MeowsticFemaleDiancie,183.0,231.0,154.0,1060.0,PsychicRock,,
748,1399.0,190.0,160.0,12.0,125.0,1,HonedgeHoopaHoopa Confined,185.0,167.0,98.0,1017.0,SteelPsychic,GhostGhost,
749,1400.0,270.0,210.0,12.0,139.0,1,DoubladeHoopaHoopa Unbound,215.0,179.0,115.0,1283.0,SteelPsychic,GhostDark,
750,1402.0,260.0,170.0,12.0,140.0,1,AegislashBlade FormeVolcanion,280.0,140.0,130.0,1250.0,SteelFire,GhostWater,
751,,,,,,,,,,,,,,
752,,,,,,,,,,,,,,
753,,,,,,,,,,,,,,
754,,,,,,,,,,,,,,
755,,,,,,,,,,,,,,
756,,,,,,,,,,,,,,
757,,,,,,,,,,,,,,
758,,,,,,,,,,,,,,
759,,,,,,,,,,,,,,
760,,,,,,,,,,,,,,
761,,,,,,,,,,,,,,
762,,,,,,,,,,,,,,
763,,,,,,,,,,,,,,
764,,,,,,,,,,,,,,
765,,,,,,,,,,,,,,
766,,,,,,,,,,,,,,
767,,,,,,,,,,,,,,
768,,,,,,,,,,,,,,
769,,,,,,,,,,,,,,
770,,,,,,,,,,,,,,
771,,,,,,,,,,,,,,
772,,,,,,,,,,,,,,
773,,,,,,,,,,,,,,
774,,,,,,,,,,,,,,
775,,,,,,,,,,,,,,
776,,,,,,,,,,,,,,
777,,,,,,,,,,,,,,
778,,,,,,,,,,,,,,
779,,,,,,,,,,,,,,
780,,,,,,,,,,,,,,
781,,,,,,,,,,,,,,
782,,,,,,,,,,,,,,
783,,,,,,,,,,,,,,
784,,,,,,,,,,,,,,
785,,,,,,,,,,,,,,
786,,,,,,,,,,,,,,
787,,,,,,,,,,,,,,
788,,,,,,,,,,,,,,
789,,,,,,,,,,,,,,
790,,,,,,,,,,,,,,
791,,,,,,,,,,,,,,
792,,,,,,,,,,,,,,
793,,,,,,,,,,,,,,
794,,,,,,,,,,,,,,
795,,,,,,,,,,,,,,
796,,,,,,,,,,,,,,
797,,,,,,,,,,,,,,
798,,,,,,,,,,,,,,
799,,,,,,,,,,,,,,
